CREATE DATABASE  IF NOT EXISTS `battdb` /*!40100 DEFAULT CHARACTER SET utf8mb4 COLLATE utf8mb4_0900_ai_ci */ /*!80016 DEFAULT ENCRYPTION='N' */;
USE `battdb`;
-- MySQL dump 10.13  Distrib 8.0.16, for Win64 (x86_64)
--
-- Host: localhost    Database: battdb
-- ------------------------------------------------------
-- Server version	8.0.16

/*!40101 SET @OLD_CHARACTER_SET_CLIENT=@@CHARACTER_SET_CLIENT */;
/*!40101 SET @OLD_CHARACTER_SET_RESULTS=@@CHARACTER_SET_RESULTS */;
/*!40101 SET @OLD_COLLATION_CONNECTION=@@COLLATION_CONNECTION */;
 SET NAMES utf8 ;
/*!40103 SET @OLD_TIME_ZONE=@@TIME_ZONE */;
/*!40103 SET TIME_ZONE='+00:00' */;
/*!40014 SET @OLD_UNIQUE_CHECKS=@@UNIQUE_CHECKS, UNIQUE_CHECKS=0 */;
/*!40014 SET @OLD_FOREIGN_KEY_CHECKS=@@FOREIGN_KEY_CHECKS, FOREIGN_KEY_CHECKS=0 */;
/*!40101 SET @OLD_SQL_MODE=@@SQL_MODE, SQL_MODE='NO_AUTO_VALUE_ON_ZERO' */;
/*!40111 SET @OLD_SQL_NOTES=@@SQL_NOTES, SQL_NOTES=0 */;

--
-- Table structure for table `all_sim_track_source1`
--

DROP TABLE IF EXISTS `all_sim_track_source1`;
/*!40101 SET @saved_cs_client     = @@character_set_client */;
 SET character_set_client = utf8mb4 ;
CREATE TABLE `all_sim_track_source1` (
  `Serial` int(10) unsigned NOT NULL AUTO_INCREMENT,
  `valid` smallint(5) unsigned DEFAULT NULL,
  `TRK_No` varchar(5) DEFAULT NULL COMMENT 'ex: AB001',
  `Track_ID` int(10) unsigned DEFAULT NULL COMMENT '0 -> 7 ex: F,U,H...',
  `TQ` smallint(5) unsigned DEFAULT NULL COMMENT '0 -> 7 ',
  `Speed` float DEFAULT NULL COMMENT 'Feet / Sec',
  `Range` float DEFAULT NULL COMMENT 'Feet / Sec',
  `Azm` int(10) unsigned DEFAULT NULL COMMENT 'Degree from true north',
  `Alt` int(10) unsigned DEFAULT NULL COMMENT 'Feet',
  `TRK_Lat` double DEFAULT NULL COMMENT 'in Seconds',
  `TRK_Long` double DEFAULT NULL COMMENT 'in Seconds',
  `TRK_Size` smallint(5) unsigned DEFAULT NULL COMMENT '0 -> 7',
  `SL` bit(1) DEFAULT NULL COMMENT 'Simulate / Live',
  `TRK_Time` timestamp NOT NULL DEFAULT CURRENT_TIMESTAMP ON UPDATE CURRENT_TIMESTAMP,
  `VX` double NOT NULL,
  `VY` double NOT NULL,
  PRIMARY KEY (`Serial`)
) ENGINE=InnoDB AUTO_INCREMENT=447 DEFAULT CHARSET=utf8 COMMENT='InnoDB free: 4096 kB';
/*!40101 SET character_set_client = @saved_cs_client */;

--
-- Dumping data for table `all_sim_track_source1`
--

LOCK TABLES `all_sim_track_source1` WRITE;
/*!40000 ALTER TABLE `all_sim_track_source1` DISABLE KEYS */;
INSERT INTO `all_sim_track_source1` VALUES (1,1,'BB001',3,3,NULL,NULL,NULL,NULL,110699,102217,0,NULL,'2020-06-01 12:12:29',0,0),(2,1,'BB002',3,6,NULL,NULL,NULL,NULL,110131,102410,2,NULL,'2020-06-01 12:12:28',0,0),(3,1,'BB003',3,3,NULL,NULL,NULL,NULL,109630,102300,0,NULL,'2020-06-01 12:12:28',0,0),(4,0,'BB004',3,4,NULL,NULL,NULL,NULL,0,0,1,NULL,'2020-05-31 22:04:16',0,0),(5,0,'BB005',3,4,NULL,NULL,NULL,NULL,0,0,1,NULL,'2020-05-31 22:04:16',0,0),(6,0,'BB006',3,2,NULL,NULL,NULL,NULL,1000,10,0,NULL,'2020-05-31 21:59:55',0,0),(7,0,'BB007',3,5,NULL,NULL,NULL,NULL,1000,10,2,NULL,'2020-05-31 21:59:55',0,0),(8,0,'BB008',3,6,NULL,NULL,NULL,NULL,1000,10,2,NULL,'2020-05-31 21:59:55',0,0),(9,0,'BB009',3,5,NULL,NULL,NULL,NULL,1000,10,1,NULL,'2020-05-31 21:59:55',0,0),(10,0,'BB010',3,2,NULL,NULL,NULL,NULL,1000,10,0,NULL,'2020-05-31 21:59:55',0,0),(11,0,'BB011',3,5,NULL,NULL,NULL,NULL,1000,10,2,NULL,'2020-05-31 21:59:55',0,0),(12,0,'BB012',3,2,NULL,NULL,NULL,NULL,1000,10,0,NULL,'2020-05-31 21:59:55',0,0),(13,0,'BB013',3,5,NULL,NULL,NULL,NULL,1000,10,2,NULL,'2020-05-31 21:59:56',0,0),(14,0,'BB200',NULL,NULL,NULL,NULL,NULL,NULL,NULL,NULL,NULL,NULL,'2020-05-03 10:23:32',0,0),(15,0,'BB200',NULL,NULL,NULL,NULL,NULL,NULL,NULL,NULL,NULL,NULL,'2020-05-03 10:23:32',0,0),(16,0,'BB200',NULL,NULL,NULL,NULL,NULL,NULL,NULL,NULL,NULL,NULL,'2020-05-03 10:23:32',0,0),(17,0,'BB200',NULL,NULL,NULL,NULL,NULL,NULL,NULL,NULL,NULL,NULL,'2020-05-03 10:23:32',0,0),(18,0,'BB200',NULL,NULL,NULL,NULL,NULL,NULL,NULL,NULL,NULL,NULL,'2020-05-03 10:23:32',0,0),(19,0,'BB200',NULL,NULL,NULL,NULL,NULL,NULL,NULL,NULL,NULL,NULL,'2020-05-03 10:23:32',0,0),(20,0,'BB200',NULL,NULL,NULL,NULL,NULL,NULL,NULL,NULL,NULL,NULL,'2020-05-03 10:23:32',0,0),(21,0,'BB200',NULL,NULL,NULL,NULL,NULL,NULL,NULL,NULL,NULL,NULL,'2020-05-03 10:23:32',0,0),(22,0,'BB200',NULL,NULL,NULL,NULL,NULL,NULL,NULL,NULL,NULL,NULL,'2020-05-03 10:23:32',0,0),(23,0,'BB200',NULL,NULL,NULL,NULL,NULL,NULL,NULL,NULL,NULL,NULL,'2020-05-03 10:23:32',0,0),(24,0,'BB200',NULL,NULL,NULL,NULL,NULL,NULL,NULL,NULL,NULL,NULL,'2020-05-03 10:23:32',0,0),(25,0,'BB200',NULL,NULL,NULL,NULL,NULL,NULL,NULL,NULL,NULL,NULL,'2020-05-03 10:23:32',0,0),(26,0,'BB200',NULL,NULL,NULL,NULL,NULL,NULL,NULL,NULL,NULL,NULL,'2020-05-03 10:23:32',0,0),(27,0,'BB200',NULL,NULL,NULL,NULL,NULL,NULL,NULL,NULL,NULL,NULL,'2020-05-03 10:23:32',0,0),(28,0,'BB200',NULL,NULL,NULL,NULL,NULL,NULL,NULL,NULL,NULL,NULL,'2020-05-03 10:23:32',0,0),(29,0,'BB200',NULL,NULL,NULL,NULL,NULL,NULL,NULL,NULL,NULL,NULL,'2020-05-03 10:23:32',0,0),(30,0,'BB200',NULL,NULL,NULL,NULL,NULL,NULL,NULL,NULL,NULL,NULL,'2020-05-03 10:23:32',0,0),(31,0,'BB200',NULL,NULL,NULL,NULL,NULL,NULL,NULL,NULL,NULL,NULL,'2020-05-03 10:23:32',0,0),(32,0,'BB200',NULL,NULL,NULL,NULL,NULL,NULL,NULL,NULL,NULL,NULL,'2020-05-03 10:23:32',0,0),(33,0,'BB200',NULL,NULL,NULL,NULL,NULL,NULL,NULL,NULL,NULL,NULL,'2020-05-03 10:23:32',0,0),(433,0,'BB200',NULL,NULL,NULL,NULL,NULL,NULL,NULL,NULL,NULL,NULL,'2020-05-03 10:23:32',0,0),(434,0,'BB200',NULL,NULL,NULL,NULL,NULL,NULL,NULL,NULL,NULL,NULL,'2020-05-03 10:23:32',0,0),(435,0,'BB200',NULL,NULL,NULL,NULL,NULL,NULL,NULL,NULL,NULL,NULL,'2020-05-03 10:23:32',0,0),(436,0,'BB200',NULL,NULL,NULL,NULL,NULL,NULL,NULL,NULL,NULL,NULL,'2020-05-03 10:23:32',0,0),(437,0,'BB200',NULL,NULL,NULL,NULL,NULL,NULL,NULL,NULL,NULL,NULL,'2020-05-03 10:23:32',0,0),(438,0,'BB200',NULL,NULL,NULL,NULL,NULL,NULL,NULL,NULL,NULL,NULL,'2020-05-03 10:23:32',0,0),(439,0,'BB200',NULL,NULL,NULL,NULL,NULL,NULL,NULL,NULL,NULL,NULL,'2020-05-03 10:23:32',0,0),(440,0,'BB200',NULL,NULL,NULL,NULL,NULL,NULL,NULL,NULL,NULL,NULL,'2020-05-03 10:23:32',0,0),(441,0,'BB200',NULL,NULL,NULL,NULL,NULL,NULL,NULL,NULL,NULL,NULL,'2020-05-03 10:23:32',0,0),(442,0,'BB200',NULL,NULL,NULL,NULL,NULL,NULL,NULL,NULL,NULL,NULL,'2020-05-03 10:23:32',0,0),(443,0,'BB200',NULL,NULL,NULL,NULL,NULL,NULL,NULL,NULL,NULL,NULL,'2020-05-03 10:23:32',0,0),(444,0,'BB200',NULL,NULL,NULL,NULL,NULL,NULL,NULL,NULL,NULL,NULL,'2020-05-03 10:23:32',0,0),(445,0,'BB200',NULL,NULL,NULL,NULL,NULL,NULL,NULL,NULL,NULL,NULL,'2020-05-03 10:23:32',0,0),(446,0,'BB200',NULL,NULL,NULL,NULL,NULL,NULL,NULL,NULL,NULL,NULL,'2020-05-03 10:23:32',0,0);
/*!40000 ALTER TABLE `all_sim_track_source1` ENABLE KEYS */;
UNLOCK TABLES;

--
-- Table structure for table `all_sim_track_source2`
--

DROP TABLE IF EXISTS `all_sim_track_source2`;
/*!40101 SET @saved_cs_client     = @@character_set_client */;
 SET character_set_client = utf8mb4 ;
CREATE TABLE `all_sim_track_source2` (
  `Serial` int(10) unsigned NOT NULL AUTO_INCREMENT,
  `valid` smallint(5) unsigned DEFAULT NULL,
  `TRK_No` varchar(5) DEFAULT NULL COMMENT 'ex: AB001',
  `Track_ID` int(10) unsigned DEFAULT NULL COMMENT '0 -> 7 ex: F,U,H...',
  `TQ` smallint(5) unsigned DEFAULT NULL COMMENT '0 -> 7 ',
  `Speed` float DEFAULT NULL COMMENT 'Feet / Sec',
  `Range` float DEFAULT NULL COMMENT 'Feet / Sec',
  `Azm` int(10) unsigned DEFAULT NULL COMMENT 'Degree from true north',
  `Alt` int(10) unsigned DEFAULT NULL COMMENT 'Feet',
  `TRK_LatY` double DEFAULT NULL COMMENT 'in Seconds',
  `TRK_LongX` double DEFAULT NULL COMMENT 'in Seconds',
  `TRK_Size` smallint(5) unsigned DEFAULT NULL COMMENT '0 -> 7',
  `SL` bit(1) DEFAULT NULL COMMENT 'Simulate / Live',
  `TRK_Time` timestamp NOT NULL DEFAULT CURRENT_TIMESTAMP ON UPDATE CURRENT_TIMESTAMP,
  `VX` double NOT NULL,
  `VY` double NOT NULL,
  PRIMARY KEY (`Serial`)
) ENGINE=InnoDB AUTO_INCREMENT=447 DEFAULT CHARSET=utf8;
/*!40101 SET character_set_client = @saved_cs_client */;

--
-- Dumping data for table `all_sim_track_source2`
--

LOCK TABLES `all_sim_track_source2` WRITE;
/*!40000 ALTER TABLE `all_sim_track_source2` DISABLE KEYS */;
INSERT INTO `all_sim_track_source2` VALUES (1,1,'BB001',3,3,NULL,NULL,NULL,NULL,NULL,NULL,0,NULL,'2020-05-11 08:00:52',0,0),(2,1,'BB002',3,6,NULL,NULL,NULL,NULL,NULL,NULL,2,NULL,'2020-05-11 08:00:53',0,0),(3,1,'BB003',3,3,NULL,NULL,NULL,NULL,NULL,NULL,0,NULL,'2020-05-11 08:00:53',0,0),(4,0,'BB004',3,4,NULL,NULL,NULL,NULL,NULL,NULL,1,NULL,'2020-05-11 08:00:41',0,0),(5,0,'BB005',3,4,NULL,NULL,NULL,NULL,NULL,NULL,1,NULL,'2020-05-11 08:00:41',0,0),(6,0,'BB006',3,2,NULL,NULL,NULL,NULL,NULL,NULL,0,NULL,'2020-05-11 08:00:41',0,0),(7,0,'BB007',3,5,NULL,NULL,NULL,NULL,NULL,NULL,2,NULL,'2020-05-11 08:00:41',0,0),(8,0,'BB008',3,6,NULL,NULL,NULL,NULL,NULL,NULL,2,NULL,'2020-05-11 08:00:41',0,0),(9,0,'BB009',3,5,NULL,NULL,NULL,NULL,NULL,NULL,1,NULL,'2020-05-11 08:00:41',0,0),(10,0,'BB010',3,2,NULL,NULL,NULL,NULL,NULL,NULL,0,NULL,'2020-05-11 08:00:41',0,0),(11,0,'BB011',3,5,NULL,NULL,NULL,NULL,NULL,NULL,2,NULL,'2020-05-11 08:00:41',0,0),(12,0,'BB012',3,2,NULL,NULL,NULL,NULL,NULL,NULL,0,NULL,'2020-05-11 08:00:41',0,0),(13,0,'BB013',3,5,NULL,NULL,NULL,NULL,NULL,NULL,2,NULL,'2020-05-11 08:00:41',0,0),(14,0,'BB200',NULL,NULL,NULL,NULL,NULL,NULL,NULL,NULL,NULL,NULL,'2020-05-03 10:23:32',0,0),(15,0,'BB200',NULL,NULL,NULL,NULL,NULL,NULL,NULL,NULL,NULL,NULL,'2020-05-03 10:23:32',0,0),(16,0,'BB200',NULL,NULL,NULL,NULL,NULL,NULL,NULL,NULL,NULL,NULL,'2020-05-03 10:23:32',0,0),(17,0,'BB200',NULL,NULL,NULL,NULL,NULL,NULL,NULL,NULL,NULL,NULL,'2020-05-03 10:23:32',0,0),(18,0,'BB200',NULL,NULL,NULL,NULL,NULL,NULL,NULL,NULL,NULL,NULL,'2020-05-03 10:23:32',0,0),(19,0,'BB200',NULL,NULL,NULL,NULL,NULL,NULL,NULL,NULL,NULL,NULL,'2020-05-03 10:23:32',0,0),(20,0,'BB200',NULL,NULL,NULL,NULL,NULL,NULL,NULL,NULL,NULL,NULL,'2020-05-03 10:23:32',0,0),(21,0,'BB200',NULL,NULL,NULL,NULL,NULL,NULL,NULL,NULL,NULL,NULL,'2020-05-03 10:23:32',0,0),(22,0,'BB200',NULL,NULL,NULL,NULL,NULL,NULL,NULL,NULL,NULL,NULL,'2020-05-03 10:23:32',0,0),(23,0,'BB200',NULL,NULL,NULL,NULL,NULL,NULL,NULL,NULL,NULL,NULL,'2020-05-03 10:23:32',0,0),(24,0,'BB200',NULL,NULL,NULL,NULL,NULL,NULL,NULL,NULL,NULL,NULL,'2020-05-03 10:23:32',0,0),(25,0,'BB200',NULL,NULL,NULL,NULL,NULL,NULL,NULL,NULL,NULL,NULL,'2020-05-03 10:23:32',0,0),(26,0,'BB200',NULL,NULL,NULL,NULL,NULL,NULL,NULL,NULL,NULL,NULL,'2020-05-03 10:23:32',0,0),(27,0,'BB200',NULL,NULL,NULL,NULL,NULL,NULL,NULL,NULL,NULL,NULL,'2020-05-03 10:23:32',0,0),(28,0,'BB200',NULL,NULL,NULL,NULL,NULL,NULL,NULL,NULL,NULL,NULL,'2020-05-03 10:23:32',0,0),(29,0,'BB200',NULL,NULL,NULL,NULL,NULL,NULL,NULL,NULL,NULL,NULL,'2020-05-03 10:23:32',0,0),(30,0,'BB200',NULL,NULL,NULL,NULL,NULL,NULL,NULL,NULL,NULL,NULL,'2020-05-03 10:23:32',0,0),(31,0,'BB200',NULL,NULL,NULL,NULL,NULL,NULL,NULL,NULL,NULL,NULL,'2020-05-03 10:23:32',0,0),(32,0,'BB200',NULL,NULL,NULL,NULL,NULL,NULL,NULL,NULL,NULL,NULL,'2020-05-03 10:23:32',0,0),(33,0,'BB200',NULL,NULL,NULL,NULL,NULL,NULL,NULL,NULL,NULL,NULL,'2020-05-03 10:23:32',0,0),(433,0,'BB200',NULL,NULL,NULL,NULL,NULL,NULL,NULL,NULL,NULL,NULL,'2020-05-03 10:23:32',0,0),(434,0,'BB200',NULL,NULL,NULL,NULL,NULL,NULL,NULL,NULL,NULL,NULL,'2020-05-03 10:23:32',0,0),(435,0,'BB200',NULL,NULL,NULL,NULL,NULL,NULL,NULL,NULL,NULL,NULL,'2020-05-03 10:23:32',0,0),(436,0,'BB200',NULL,NULL,NULL,NULL,NULL,NULL,NULL,NULL,NULL,NULL,'2020-05-03 10:23:32',0,0),(437,0,'BB200',NULL,NULL,NULL,NULL,NULL,NULL,NULL,NULL,NULL,NULL,'2020-05-03 10:23:32',0,0),(438,0,'BB200',NULL,NULL,NULL,NULL,NULL,NULL,NULL,NULL,NULL,NULL,'2020-05-03 10:23:32',0,0),(439,0,'BB200',NULL,NULL,NULL,NULL,NULL,NULL,NULL,NULL,NULL,NULL,'2020-05-03 10:23:32',0,0),(440,0,'BB200',NULL,NULL,NULL,NULL,NULL,NULL,NULL,NULL,NULL,NULL,'2020-05-03 10:23:32',0,0),(441,0,'BB200',NULL,NULL,NULL,NULL,NULL,NULL,NULL,NULL,NULL,NULL,'2020-05-03 10:23:32',0,0),(442,0,'BB200',NULL,NULL,NULL,NULL,NULL,NULL,NULL,NULL,NULL,NULL,'2020-05-03 10:23:32',0,0),(443,0,'BB200',NULL,NULL,NULL,NULL,NULL,NULL,NULL,NULL,NULL,NULL,'2020-05-03 10:23:32',0,0),(444,0,'BB200',NULL,NULL,NULL,NULL,NULL,NULL,NULL,NULL,NULL,NULL,'2020-05-03 10:23:32',0,0),(445,0,'BB200',NULL,NULL,NULL,NULL,NULL,NULL,NULL,NULL,NULL,NULL,'2020-05-03 10:23:32',0,0),(446,0,'BB200',NULL,NULL,NULL,NULL,NULL,NULL,NULL,NULL,NULL,NULL,'2020-05-03 10:23:32',0,0);
/*!40000 ALTER TABLE `all_sim_track_source2` ENABLE KEYS */;
UNLOCK TABLES;

--
-- Table structure for table `all_sim_track_source3`
--

DROP TABLE IF EXISTS `all_sim_track_source3`;
/*!40101 SET @saved_cs_client     = @@character_set_client */;
 SET character_set_client = utf8mb4 ;
CREATE TABLE `all_sim_track_source3` (
  `Serial` int(10) unsigned NOT NULL AUTO_INCREMENT,
  `valid` smallint(5) unsigned DEFAULT NULL,
  `TRK_No` varchar(5) DEFAULT NULL COMMENT 'ex: AB001',
  `Track_ID` int(10) unsigned DEFAULT NULL COMMENT '0 -> 7 ex: F,U,H...',
  `TQ` smallint(5) unsigned DEFAULT NULL COMMENT '0 -> 7 ',
  `Speed` float DEFAULT NULL COMMENT 'Feet / Sec',
  `Range` float DEFAULT NULL COMMENT 'Feet / Sec',
  `Azm` int(10) unsigned DEFAULT NULL COMMENT 'Degree from true north',
  `Alt` int(10) unsigned DEFAULT NULL COMMENT 'Feet',
  `TRK_LatY` double DEFAULT NULL COMMENT 'in Seconds',
  `TRK_LongX` double DEFAULT NULL COMMENT 'in Seconds',
  `TRK_Size` smallint(5) unsigned DEFAULT NULL COMMENT '0 -> 7',
  `SL` bit(1) DEFAULT NULL COMMENT 'Simulate / Live',
  `TRK_Time` timestamp NOT NULL DEFAULT CURRENT_TIMESTAMP ON UPDATE CURRENT_TIMESTAMP,
  `VX` double NOT NULL,
  `VY` double NOT NULL,
  PRIMARY KEY (`Serial`)
) ENGINE=InnoDB AUTO_INCREMENT=447 DEFAULT CHARSET=utf8;
/*!40101 SET character_set_client = @saved_cs_client */;

--
-- Dumping data for table `all_sim_track_source3`
--

LOCK TABLES `all_sim_track_source3` WRITE;
/*!40000 ALTER TABLE `all_sim_track_source3` DISABLE KEYS */;
INSERT INTO `all_sim_track_source3` VALUES (1,1,'BB001',3,3,NULL,NULL,NULL,NULL,NULL,NULL,0,NULL,'2020-05-11 08:00:52',0,0),(2,1,'BB002',3,6,NULL,NULL,NULL,NULL,NULL,NULL,2,NULL,'2020-05-11 08:00:53',0,0),(3,1,'BB003',3,3,NULL,NULL,NULL,NULL,NULL,NULL,0,NULL,'2020-05-11 08:00:53',0,0),(4,0,'BB004',3,4,NULL,NULL,NULL,NULL,NULL,NULL,1,NULL,'2020-05-11 08:00:41',0,0),(5,0,'BB005',3,4,NULL,NULL,NULL,NULL,NULL,NULL,1,NULL,'2020-05-11 08:00:41',0,0),(6,0,'BB006',3,2,NULL,NULL,NULL,NULL,NULL,NULL,0,NULL,'2020-05-11 08:00:41',0,0),(7,0,'BB007',3,5,NULL,NULL,NULL,NULL,NULL,NULL,2,NULL,'2020-05-11 08:00:41',0,0),(8,0,'BB008',3,6,NULL,NULL,NULL,NULL,NULL,NULL,2,NULL,'2020-05-11 08:00:41',0,0),(9,0,'BB009',3,5,NULL,NULL,NULL,NULL,NULL,NULL,1,NULL,'2020-05-11 08:00:41',0,0),(10,0,'BB010',3,2,NULL,NULL,NULL,NULL,NULL,NULL,0,NULL,'2020-05-11 08:00:41',0,0),(11,0,'BB011',3,5,NULL,NULL,NULL,NULL,NULL,NULL,2,NULL,'2020-05-11 08:00:41',0,0),(12,0,'BB012',3,2,NULL,NULL,NULL,NULL,NULL,NULL,0,NULL,'2020-05-11 08:00:41',0,0),(13,0,'BB013',3,5,NULL,NULL,NULL,NULL,NULL,NULL,2,NULL,'2020-05-11 08:00:41',0,0),(14,0,'BB200',NULL,NULL,NULL,NULL,NULL,NULL,NULL,NULL,NULL,NULL,'2020-05-03 10:23:32',0,0),(15,0,'BB200',NULL,NULL,NULL,NULL,NULL,NULL,NULL,NULL,NULL,NULL,'2020-05-03 10:23:32',0,0),(16,0,'BB200',NULL,NULL,NULL,NULL,NULL,NULL,NULL,NULL,NULL,NULL,'2020-05-03 10:23:32',0,0),(17,0,'BB200',NULL,NULL,NULL,NULL,NULL,NULL,NULL,NULL,NULL,NULL,'2020-05-03 10:23:32',0,0),(18,0,'BB200',NULL,NULL,NULL,NULL,NULL,NULL,NULL,NULL,NULL,NULL,'2020-05-03 10:23:32',0,0),(19,0,'BB200',NULL,NULL,NULL,NULL,NULL,NULL,NULL,NULL,NULL,NULL,'2020-05-03 10:23:32',0,0),(20,0,'BB200',NULL,NULL,NULL,NULL,NULL,NULL,NULL,NULL,NULL,NULL,'2020-05-03 10:23:32',0,0),(21,0,'BB200',NULL,NULL,NULL,NULL,NULL,NULL,NULL,NULL,NULL,NULL,'2020-05-03 10:23:32',0,0),(22,0,'BB200',NULL,NULL,NULL,NULL,NULL,NULL,NULL,NULL,NULL,NULL,'2020-05-03 10:23:32',0,0),(23,0,'BB200',NULL,NULL,NULL,NULL,NULL,NULL,NULL,NULL,NULL,NULL,'2020-05-03 10:23:32',0,0),(24,0,'BB200',NULL,NULL,NULL,NULL,NULL,NULL,NULL,NULL,NULL,NULL,'2020-05-03 10:23:32',0,0),(25,0,'BB200',NULL,NULL,NULL,NULL,NULL,NULL,NULL,NULL,NULL,NULL,'2020-05-03 10:23:32',0,0),(26,0,'BB200',NULL,NULL,NULL,NULL,NULL,NULL,NULL,NULL,NULL,NULL,'2020-05-03 10:23:32',0,0),(27,0,'BB200',NULL,NULL,NULL,NULL,NULL,NULL,NULL,NULL,NULL,NULL,'2020-05-03 10:23:32',0,0),(28,0,'BB200',NULL,NULL,NULL,NULL,NULL,NULL,NULL,NULL,NULL,NULL,'2020-05-03 10:23:32',0,0),(29,0,'BB200',NULL,NULL,NULL,NULL,NULL,NULL,NULL,NULL,NULL,NULL,'2020-05-03 10:23:32',0,0),(30,0,'BB200',NULL,NULL,NULL,NULL,NULL,NULL,NULL,NULL,NULL,NULL,'2020-05-03 10:23:32',0,0),(31,0,'BB200',NULL,NULL,NULL,NULL,NULL,NULL,NULL,NULL,NULL,NULL,'2020-05-03 10:23:32',0,0),(32,0,'BB200',NULL,NULL,NULL,NULL,NULL,NULL,NULL,NULL,NULL,NULL,'2020-05-03 10:23:32',0,0),(33,0,'BB200',NULL,NULL,NULL,NULL,NULL,NULL,NULL,NULL,NULL,NULL,'2020-05-03 10:23:32',0,0),(433,0,'BB200',NULL,NULL,NULL,NULL,NULL,NULL,NULL,NULL,NULL,NULL,'2020-05-03 10:23:32',0,0),(434,0,'BB200',NULL,NULL,NULL,NULL,NULL,NULL,NULL,NULL,NULL,NULL,'2020-05-03 10:23:32',0,0),(435,0,'BB200',NULL,NULL,NULL,NULL,NULL,NULL,NULL,NULL,NULL,NULL,'2020-05-03 10:23:32',0,0),(436,0,'BB200',NULL,NULL,NULL,NULL,NULL,NULL,NULL,NULL,NULL,NULL,'2020-05-03 10:23:32',0,0),(437,0,'BB200',NULL,NULL,NULL,NULL,NULL,NULL,NULL,NULL,NULL,NULL,'2020-05-03 10:23:32',0,0),(438,0,'BB200',NULL,NULL,NULL,NULL,NULL,NULL,NULL,NULL,NULL,NULL,'2020-05-03 10:23:32',0,0),(439,0,'BB200',NULL,NULL,NULL,NULL,NULL,NULL,NULL,NULL,NULL,NULL,'2020-05-03 10:23:32',0,0),(440,0,'BB200',NULL,NULL,NULL,NULL,NULL,NULL,NULL,NULL,NULL,NULL,'2020-05-03 10:23:32',0,0),(441,0,'BB200',NULL,NULL,NULL,NULL,NULL,NULL,NULL,NULL,NULL,NULL,'2020-05-03 10:23:32',0,0),(442,0,'BB200',NULL,NULL,NULL,NULL,NULL,NULL,NULL,NULL,NULL,NULL,'2020-05-03 10:23:32',0,0),(443,0,'BB200',NULL,NULL,NULL,NULL,NULL,NULL,NULL,NULL,NULL,NULL,'2020-05-03 10:23:32',0,0),(444,0,'BB200',NULL,NULL,NULL,NULL,NULL,NULL,NULL,NULL,NULL,NULL,'2020-05-03 10:23:32',0,0),(445,0,'BB200',NULL,NULL,NULL,NULL,NULL,NULL,NULL,NULL,NULL,NULL,'2020-05-03 10:23:32',0,0),(446,0,'BB200',NULL,NULL,NULL,NULL,NULL,NULL,NULL,NULL,NULL,NULL,'2020-05-03 10:23:32',0,0);
/*!40000 ALTER TABLE `all_sim_track_source3` ENABLE KEYS */;
UNLOCK TABLES;

--
-- Table structure for table `all_track`
--

DROP TABLE IF EXISTS `all_track`;
/*!40101 SET @saved_cs_client     = @@character_set_client */;
 SET character_set_client = utf8mb4 ;
CREATE TABLE `all_track` (
  `Serial` int(10) unsigned NOT NULL AUTO_INCREMENT,
  `Valid` tinyint(3) unsigned DEFAULT NULL,
  `TRK_No` varchar(5) DEFAULT NULL COMMENT 'ex: AB001',
  `Track_ID` int(10) unsigned DEFAULT NULL COMMENT '0 -> 7 ex: F,U,H...',
  `TQ` tinyint(3) unsigned DEFAULT NULL COMMENT '0 -> 7 ',
  `Speed` double DEFAULT NULL COMMENT 'Feet / Sec',
  `Range` double DEFAULT NULL COMMENT 'Feet / Sec',
  `Azm` double unsigned DEFAULT NULL COMMENT 'Degree from true north',
  `Alt` double unsigned DEFAULT NULL COMMENT 'Feet',
  `TRK_Lat` double DEFAULT NULL COMMENT 'in Seconds',
  `TRK_Long` double DEFAULT NULL COMMENT 'in Seconds',
  `TRK_Size` tinyint(3) unsigned DEFAULT NULL COMMENT '0 -> 7',
  `SL` tinyint(3) unsigned DEFAULT NULL COMMENT 'Simulate / Live',
  `TRK_Time` timestamp NOT NULL DEFAULT CURRENT_TIMESTAMP ON UPDATE CURRENT_TIMESTAMP,
  `TRK_Periority` tinyint(4) DEFAULT NULL,
  `VX` double DEFAULT NULL,
  `VY` double DEFAULT NULL,
  PRIMARY KEY (`Serial`),
  KEY `TrackIdentificationTypes` (`Track_ID`),
  CONSTRAINT `TrackIdentificationTypes` FOREIGN KEY (`Track_ID`) REFERENCES `trackidentificationtypes` (`ID`) ON DELETE CASCADE ON UPDATE CASCADE
) ENGINE=InnoDB AUTO_INCREMENT=447 DEFAULT CHARSET=utf8;
/*!40101 SET character_set_client = @saved_cs_client */;

--
-- Dumping data for table `all_track`
--

LOCK TABLES `all_track` WRITE;
/*!40000 ALTER TABLE `all_track` DISABLE KEYS */;
INSERT INTO `all_track` VALUES (1,1,'BB001',1,5,3,NULL,NULL,100,101861.118703793,98358.8467708107,2,1,'2020-10-07 12:28:58',NULL,-1.57590745577009,-2.55274669539464),(2,1,'BB002',1,4,3,NULL,NULL,100,100226.339767386,101373.413683123,1,1,'2020-10-07 12:28:41',NULL,-1.48462759404188,-2.60689104241229),(3,1,'BB003',1,5,3,NULL,NULL,100,93800.8140147688,109562.482720391,2,1,'2020-10-07 12:28:19',NULL,-2.85165439412033,-0.931701248520247),(4,0,'BB004',3,2,NULL,NULL,NULL,NULL,107937,113136,0,NULL,'2020-09-12 11:25:17',NULL,0,NULL),(5,0,'BB005',3,3,NULL,NULL,NULL,NULL,107231,112956,1,NULL,'2020-07-25 12:39:20',NULL,0,NULL),(6,0,'BB006',3,4,NULL,NULL,NULL,NULL,102557,105950,1,NULL,'2020-07-25 12:39:20',NULL,0,NULL),(7,0,'BB007',3,5,NULL,NULL,NULL,NULL,108412,111506,2,NULL,'2020-07-25 12:39:20',NULL,0,NULL),(8,0,'BB008',3,5,NULL,NULL,NULL,NULL,110272,111529,2,NULL,'2020-07-25 12:39:20',NULL,0,NULL),(9,0,'BB009',3,5,NULL,NULL,NULL,NULL,110603,111583,2,NULL,'2020-07-25 12:39:20',NULL,0,NULL),(10,0,'BB010',3,5,NULL,NULL,NULL,NULL,109835,113920,1,NULL,'2020-07-25 12:39:20',NULL,0,NULL),(11,0,'BB011',3,3,NULL,NULL,NULL,NULL,110136,113766,1,NULL,'2020-07-25 12:39:20',NULL,0,NULL),(12,0,'BB012',3,4,NULL,NULL,NULL,NULL,109067,113057,1,NULL,'2020-07-25 12:39:20',NULL,0,NULL),(13,0,'BB013',3,4,NULL,NULL,NULL,NULL,108969,113725,1,NULL,'2020-07-25 12:39:20',NULL,0,NULL),(14,0,'BB200',NULL,NULL,NULL,NULL,NULL,NULL,NULL,NULL,NULL,NULL,'2020-05-03 10:23:32',NULL,0,NULL),(15,0,'BB200',NULL,NULL,NULL,NULL,NULL,NULL,NULL,NULL,NULL,NULL,'2020-05-03 10:23:32',NULL,0,NULL),(16,0,'BB200',NULL,NULL,NULL,NULL,NULL,NULL,NULL,NULL,NULL,NULL,'2020-05-03 10:23:32',NULL,0,NULL),(17,0,'BB200',NULL,NULL,NULL,NULL,NULL,NULL,NULL,NULL,NULL,NULL,'2020-05-03 10:23:32',NULL,0,NULL),(18,0,'BB200',NULL,NULL,NULL,NULL,NULL,NULL,NULL,NULL,NULL,NULL,'2020-05-03 10:23:32',NULL,0,NULL),(19,0,'BB200',NULL,NULL,NULL,NULL,NULL,NULL,NULL,NULL,NULL,NULL,'2020-05-03 10:23:32',NULL,0,NULL),(20,0,'BB200',NULL,NULL,NULL,NULL,NULL,NULL,NULL,NULL,NULL,NULL,'2020-05-03 10:23:32',NULL,0,NULL),(21,0,'BB200',NULL,NULL,NULL,NULL,NULL,NULL,NULL,NULL,NULL,NULL,'2020-05-03 10:23:32',NULL,0,NULL),(22,0,'BB200',NULL,NULL,NULL,NULL,NULL,NULL,NULL,NULL,NULL,NULL,'2020-05-03 10:23:32',NULL,0,NULL),(23,0,'BB200',NULL,NULL,NULL,NULL,NULL,NULL,NULL,NULL,NULL,NULL,'2020-05-03 10:23:32',NULL,0,NULL),(24,0,'BB200',NULL,NULL,NULL,NULL,NULL,NULL,NULL,NULL,NULL,NULL,'2020-05-03 10:23:32',NULL,0,NULL),(25,0,'BB200',NULL,NULL,NULL,NULL,NULL,NULL,NULL,NULL,NULL,NULL,'2020-05-03 10:23:32',NULL,0,NULL),(26,0,'BB200',NULL,NULL,NULL,NULL,NULL,NULL,NULL,NULL,NULL,NULL,'2020-05-03 10:23:32',NULL,0,NULL),(27,0,'BB200',NULL,NULL,NULL,NULL,NULL,NULL,NULL,NULL,NULL,NULL,'2020-05-03 10:23:32',NULL,0,NULL),(28,0,'BB200',NULL,NULL,NULL,NULL,NULL,NULL,NULL,NULL,NULL,NULL,'2020-05-03 10:23:32',NULL,0,NULL),(29,0,'BB200',NULL,NULL,NULL,NULL,NULL,NULL,NULL,NULL,NULL,NULL,'2020-05-03 10:23:32',NULL,0,NULL),(30,0,'BB200',NULL,NULL,NULL,NULL,NULL,NULL,NULL,NULL,NULL,NULL,'2020-05-03 10:23:32',NULL,0,NULL),(31,0,'BB200',NULL,NULL,NULL,NULL,NULL,NULL,NULL,NULL,NULL,NULL,'2020-05-03 10:23:32',NULL,0,NULL),(32,0,'BB200',NULL,NULL,NULL,NULL,NULL,NULL,NULL,NULL,NULL,NULL,'2020-05-03 10:23:32',NULL,0,NULL),(33,0,'BB200',NULL,NULL,NULL,NULL,NULL,NULL,NULL,NULL,NULL,NULL,'2020-05-03 10:23:32',NULL,0,NULL),(433,0,'BB200',NULL,NULL,NULL,NULL,NULL,NULL,NULL,NULL,NULL,NULL,'2020-05-03 10:23:32',NULL,0,NULL),(434,0,'BB200',NULL,NULL,NULL,NULL,NULL,NULL,NULL,NULL,NULL,NULL,'2020-05-03 10:23:32',NULL,0,NULL),(435,0,'BB200',NULL,NULL,NULL,NULL,NULL,NULL,NULL,NULL,NULL,NULL,'2020-05-03 10:23:32',NULL,0,NULL),(436,0,'BB200',NULL,NULL,NULL,NULL,NULL,NULL,NULL,NULL,NULL,NULL,'2020-05-03 10:23:32',NULL,0,NULL),(437,0,'BB200',NULL,NULL,NULL,NULL,NULL,NULL,NULL,NULL,NULL,NULL,'2020-05-03 10:23:32',NULL,0,NULL),(438,0,'BB200',NULL,NULL,NULL,NULL,NULL,NULL,NULL,NULL,NULL,NULL,'2020-05-03 10:23:32',NULL,0,NULL),(439,0,'BB200',NULL,NULL,NULL,NULL,NULL,NULL,NULL,NULL,NULL,NULL,'2020-05-03 10:23:32',NULL,0,NULL),(440,0,'BB200',NULL,NULL,NULL,NULL,NULL,NULL,NULL,NULL,NULL,NULL,'2020-05-03 10:23:32',NULL,0,NULL),(441,0,'BB200',NULL,NULL,NULL,NULL,NULL,NULL,NULL,NULL,NULL,NULL,'2020-05-03 10:23:32',NULL,0,NULL),(442,0,'BB200',NULL,NULL,NULL,NULL,NULL,NULL,NULL,NULL,NULL,NULL,'2020-05-03 10:23:32',NULL,0,NULL),(443,0,'BB200',NULL,NULL,NULL,NULL,NULL,NULL,NULL,NULL,NULL,NULL,'2020-05-03 10:23:32',NULL,0,NULL),(444,0,'BB200',NULL,NULL,NULL,NULL,NULL,NULL,NULL,NULL,NULL,NULL,'2020-05-03 10:23:32',NULL,0,NULL),(445,0,'BB200',NULL,NULL,NULL,NULL,NULL,NULL,NULL,NULL,NULL,NULL,'2020-05-03 10:23:32',NULL,0,NULL),(446,0,'BB200',NULL,NULL,NULL,NULL,NULL,NULL,NULL,NULL,NULL,NULL,'2020-05-03 10:23:32',NULL,0,NULL);
/*!40000 ALTER TABLE `all_track` ENABLE KEYS */;
UNLOCK TABLES;

--
-- Table structure for table `bat_tewa_par`
--

DROP TABLE IF EXISTS `bat_tewa_par`;
/*!40101 SET @saved_cs_client     = @@character_set_client */;
 SET character_set_client = utf8mb4 ;
CREATE TABLE `bat_tewa_par` (
  `ID_TEWA_Par` int(10) unsigned NOT NULL AUTO_INCREMENT,
  `MaxInterceptRange` double DEFAULT NULL,
  `MinInterceptRange` double DEFAULT NULL,
  `MaxDistForCloset` double DEFAULT NULL,
  `MissileVelocity` double DEFAULT NULL,
  `MaxAltitude` double DEFAULT NULL,
  `MinAltitude` double DEFAULT NULL,
  `KeepOutBoundaryRange` double DEFAULT NULL,
  `KrewReponseTimeForFire` double DEFAULT NULL,
  `MinInterceptRadialVelocity` double DEFAULT NULL,
  `WeaponsAssignmentCycle` varchar(45) DEFAULT NULL,
  `KConstant` double DEFAULT NULL,
  `WeaponsAssignmentSector` double DEFAULT NULL,
  PRIMARY KEY (`ID_TEWA_Par`)
) ENGINE=InnoDB AUTO_INCREMENT=5 DEFAULT CHARSET=utf8mb4 COLLATE=utf8mb4_0900_ai_ci;
/*!40101 SET character_set_client = @saved_cs_client */;

--
-- Dumping data for table `bat_tewa_par`
--

LOCK TABLES `bat_tewa_par` WRITE;
/*!40000 ALTER TABLE `bat_tewa_par` DISABLE KEYS */;
INSERT INTO `bat_tewa_par` VALUES (1,50,10,22,1440,10,2,4,1.2,60,'cycle1',0.32,3.5),(2,24,2,9,1240,12,3,6,2.4,20,'cycle2',0.47,4.8),(3,56,21,20,2410,13,4,8,3.5,34,'cycle3',0.24,5.2),(4,34,7,12,2234,11,5,9,2.8,56,'cycle4',0.65,2.9);
/*!40000 ALTER TABLE `bat_tewa_par` ENABLE KEYS */;
UNLOCK TABLES;

--
-- Table structure for table `battalion_ad_net`
--

DROP TABLE IF EXISTS `battalion_ad_net`;
/*!40101 SET @saved_cs_client     = @@character_set_client */;
 SET character_set_client = utf8mb4 ;
CREATE TABLE `battalion_ad_net` (
  `ID_Bat_Ad_Net` int(10) unsigned NOT NULL AUTO_INCREMENT,
  `Bat_IP` varchar(45) DEFAULT NULL,
  `Bat_LocalPort` int(10) unsigned DEFAULT NULL,
  `Bat_RemotePort` int(10) unsigned DEFAULT NULL,
  `Bat_LinkNumber` tinyint(3) unsigned DEFAULT NULL,
  PRIMARY KEY (`ID_Bat_Ad_Net`),
  UNIQUE KEY `Bat_IP_UNIQUE` (`Bat_IP`)
) ENGINE=InnoDB AUTO_INCREMENT=11 DEFAULT CHARSET=utf8mb4 COLLATE=utf8mb4_0900_ai_ci;
/*!40101 SET character_set_client = @saved_cs_client */;

--
-- Dumping data for table `battalion_ad_net`
--

LOCK TABLES `battalion_ad_net` WRITE;
/*!40000 ALTER TABLE `battalion_ad_net` DISABLE KEYS */;
INSERT INTO `battalion_ad_net` VALUES (1,'192.168.1.1',4252,2222,2),(2,'192.168.1.2',4457,2457,1),(3,'192.168.1.3',2241,2244,3),(4,'192.168.1.4',221,1147,4),(5,'192.168.1.5',1247,2247,2),(6,'192.168.1.6',4257,4412,1),(7,'192.168.1.7',4475,2243,2),(8,'192.168.1.8',2541,1124,4),(9,'192.168.1.9',1245,7785,3),(10,'10.100.100.10',8000,8080,2);
/*!40000 ALTER TABLE `battalion_ad_net` ENABLE KEYS */;
UNLOCK TABLES;

--
-- Table structure for table `battalion_parameter`
--

DROP TABLE IF EXISTS `battalion_parameter`;
/*!40101 SET @saved_cs_client     = @@character_set_client */;
 SET character_set_client = utf8mb4 ;
CREATE TABLE `battalion_parameter` (
  `ID_Bat_Par` int(10) unsigned NOT NULL AUTO_INCREMENT,
  `FK_ID_Bat_Type` int(10) unsigned DEFAULT NULL,
  `FK_ID_TEWA_Par` int(10) unsigned DEFAULT NULL,
  `MaxTracks` int(10) unsigned DEFAULT NULL,
  `PPI_Range` int(10) unsigned DEFAULT NULL,
  `LaunchersCount` int(10) unsigned DEFAULT NULL,
  `FireArcR` double DEFAULT NULL,
  `FireArcAzm1` double DEFAULT NULL,
  `FireArcAzm2` double DEFAULT NULL,
  `CoverageArcR` double DEFAULT NULL,
  `CoverageArcAzm1` double DEFAULT NULL,
  `CoverageArcAzm2` double DEFAULT NULL,
  `FarEndFire` double DEFAULT NULL,
  `NearEndDestroy` double DEFAULT NULL,
  `DetectionZoneRadius` double DEFAULT NULL,
  `MissionAllocationZoneRadius` double DEFAULT NULL,
  `Emission1` int(11) DEFAULT NULL,
  `Emission2` int(11) DEFAULT NULL,
  PRIMARY KEY (`ID_Bat_Par`),
  UNIQUE KEY `FK_ID_TEWA_Par_UNIQUE` (`FK_ID_TEWA_Par`),
  UNIQUE KEY `FK_ID_Bat_Type_UNIQUE` (`FK_ID_Bat_Type`),
  KEY `FK_Fire_Unit_idx` (`FK_ID_TEWA_Par`),
  CONSTRAINT `FK_Bat_Type` FOREIGN KEY (`FK_ID_Bat_Type`) REFERENCES `battalion_type` (`ID_Bat_Type`),
  CONSTRAINT `FK_TEWA_Par` FOREIGN KEY (`FK_ID_TEWA_Par`) REFERENCES `bat_tewa_par` (`ID_TEWA_Par`)
) ENGINE=InnoDB AUTO_INCREMENT=5 DEFAULT CHARSET=utf8mb4 COLLATE=utf8mb4_0900_ai_ci;
/*!40101 SET character_set_client = @saved_cs_client */;

--
-- Dumping data for table `battalion_parameter`
--

LOCK TABLES `battalion_parameter` WRITE;
/*!40000 ALTER TABLE `battalion_parameter` DISABLE KEYS */;
INSERT INTO `battalion_parameter` VALUES (1,1,NULL,2,22,78,22.5,30.5,60.63,141,13,22,22,6,55,42,1,2),(2,2,NULL,5,14,4,25.6,72.5,90.54,244,12,55,44,5,22,52,NULL,NULL),(3,3,NULL,6,25,4,44.4,55.4,180,257,44,66,55,4,74,66,NULL,NULL),(4,4,NULL,8,20,6,46.9,44.7,120,254,24,88,88,8,99,55,NULL,NULL);
/*!40000 ALTER TABLE `battalion_parameter` ENABLE KEYS */;
UNLOCK TABLES;

--
-- Table structure for table `battalion_real`
--

DROP TABLE IF EXISTS `battalion_real`;
/*!40101 SET @saved_cs_client     = @@character_set_client */;
 SET character_set_client = utf8mb4 ;
CREATE TABLE `battalion_real` (
  `ID_Bat_Real` int(10) unsigned NOT NULL AUTO_INCREMENT,
  `FK_ID_Bat_Par` int(10) unsigned DEFAULT NULL,
  `FK_ID_Bat_Ad_Net` int(10) unsigned DEFAULT NULL,
  `Bat_Name` varchar(45) NOT NULL,
  `Bat_EG_Name` varchar(45) DEFAULT NULL,
  `Bat_Lat` double NOT NULL,
  `Bat_Long` double NOT NULL,
  `Bat_Alt` double DEFAULT NULL,
  `HotMissiles` int(10) unsigned DEFAULT NULL,
  `ColdMissiles` int(10) unsigned DEFAULT NULL,
  `Bat_Link_Status` tinyint(3) unsigned DEFAULT NULL COMMENT 'comunication link status \nconnect or disconnect\nF or N or D\nOn or Off\n',
  `Bat_Alert_Status` tinyint(3) unsigned DEFAULT NULL COMMENT 'اوضاع الاستعداد\n1 or 2 or 3 or 4\n',
  `Bat_Launcher_Status` tinyint(3) unsigned DEFAULT NULL COMMENT '(Free or Tight)',
  `Bat_Availability` tinyint(3) unsigned DEFAULT NULL COMMENT 'status of battalion (Ready or Out) (R or O)',
  `Bat_Amon_Status` tinyint(4) DEFAULT NULL,
  PRIMARY KEY (`ID_Bat_Real`),
  UNIQUE KEY `FK_ID_Bat_Ad_Net_UNIQUE` (`FK_ID_Bat_Ad_Net`),
  KEY `FK_Bat_Ad_Net_idx` (`FK_ID_Bat_Ad_Net`),
  KEY `FK_Bat_Par_idx` (`FK_ID_Bat_Par`),
  CONSTRAINT `FK_Bat_Ad_Net` FOREIGN KEY (`FK_ID_Bat_Ad_Net`) REFERENCES `battalion_ad_net` (`ID_Bat_Ad_Net`),
  CONSTRAINT `FK_Bat_Par` FOREIGN KEY (`FK_ID_Bat_Par`) REFERENCES `battalion_parameter` (`ID_Bat_Par`)
) ENGINE=InnoDB AUTO_INCREMENT=10 DEFAULT CHARSET=utf8mb4 COLLATE=utf8mb4_0900_ai_ci;
/*!40101 SET character_set_client = @saved_cs_client */;

--
-- Dumping data for table `battalion_real`
--

LOCK TABLES `battalion_real` WRITE;
/*!40000 ALTER TABLE `battalion_real` DISABLE KEYS */;
INSERT INTO `battalion_real` VALUES (1,3,2,'BC01','B552',103266,102457,12,5,6,0,1,1,0,NULL),(2,1,1,'BC02','B526',102422,103454,24,4,2,1,2,0,1,NULL),(3,2,3,'BC03','B754',102457,102444,56,5,2,0,2,1,0,NULL),(4,1,5,'BC04','B245',102450,102455,24,5,2,1,4,1,1,NULL),(5,2,6,'BC05','B352',103661,102444,22,4,1,1,3,1,1,NULL),(6,1,8,'BC06','B134',102458,102554,47,2,5,1,4,0,1,NULL),(7,1,7,'BC07','B654',102567,103554,58,2,3,1,1,1,1,NULL);
/*!40000 ALTER TABLE `battalion_real` ENABLE KEYS */;
UNLOCK TABLES;

--
-- Table structure for table `battalion_type`
--

DROP TABLE IF EXISTS `battalion_type`;
/*!40101 SET @saved_cs_client     = @@character_set_client */;
 SET character_set_client = utf8mb4 ;
CREATE TABLE `battalion_type` (
  `ID_Bat_Type` int(10) unsigned NOT NULL AUTO_INCREMENT,
  `Bat_Type` varchar(45) NOT NULL,
  `Bat_Icon` varchar(45) DEFAULT NULL,
  PRIMARY KEY (`ID_Bat_Type`)
) ENGINE=InnoDB AUTO_INCREMENT=6 DEFAULT CHARSET=utf8mb4 COLLATE=utf8mb4_0900_ai_ci;
/*!40101 SET character_set_client = @saved_cs_client */;

--
-- Dumping data for table `battalion_type`
--

LOCK TABLES `battalion_type` WRITE;
/*!40000 ALTER TABLE `battalion_type` DISABLE KEYS */;
INSERT INTO `battalion_type` VALUES (1,'Volga',NULL),(2,'Bitchura',NULL),(3,'Amon',NULL),(4,'Hawk',NULL);
/*!40000 ALTER TABLE `battalion_type` ENABLE KEYS */;
UNLOCK TABLES;

--
-- Table structure for table `brigade`
--

DROP TABLE IF EXISTS `brigade`;
/*!40101 SET @saved_cs_client     = @@character_set_client */;
 SET character_set_client = utf8mb4 ;
CREATE TABLE `brigade` (
  `ID_Brigade` int(10) unsigned NOT NULL AUTO_INCREMENT,
  `FK_ID_Local_Rad_Type` int(10) unsigned DEFAULT NULL,
  `Brigade_Name` varchar(45) NOT NULL,
  `Brigade_EG_Name` varchar(45) DEFAULT NULL,
  `Brigade_Icon` varchar(45) DEFAULT NULL,
  `Brigade_Lat` double NOT NULL,
  `Brigade_Long` double NOT NULL,
  `Brigade_Alt` double DEFAULT NULL,
  `Local_Rad_Lat` double DEFAULT NULL,
  `Local_Rad_Long` double DEFAULT NULL,
  PRIMARY KEY (`ID_Brigade`),
  KEY `FK_Local_Radar_idx` (`FK_ID_Local_Rad_Type`),
  CONSTRAINT `FK_Local_Radar` FOREIGN KEY (`FK_ID_Local_Rad_Type`) REFERENCES `local_radar_type` (`ID_Local_Rad_Type`)
) ENGINE=InnoDB AUTO_INCREMENT=2 DEFAULT CHARSET=utf8mb4 COLLATE=utf8mb4_0900_ai_ci;
/*!40101 SET character_set_client = @saved_cs_client */;

--
-- Dumping data for table `brigade`
--

LOCK TABLES `brigade` WRITE;
/*!40000 ALTER TABLE `brigade` DISABLE KEYS */;
INSERT INTO `brigade` VALUES (1,2,'BC','B97',NULL,102355,103659,82,102355,103659);
/*!40000 ALTER TABLE `brigade` ENABLE KEYS */;
UNLOCK TABLES;

--
-- Table structure for table `defended_points`
--

DROP TABLE IF EXISTS `defended_points`;
/*!40101 SET @saved_cs_client     = @@character_set_client */;
 SET character_set_client = utf8mb4 ;
CREATE TABLE `defended_points` (
  `ID_Defended_Point` int(10) unsigned NOT NULL AUTO_INCREMENT,
  `Defended_Point_Name` varchar(45) NOT NULL,
  `Defended_Point_Priority` tinyint(3) unsigned DEFAULT NULL,
  `Defended_Point_Range` double DEFAULT NULL,
  `Defended_Point_Active` tinyint(4) DEFAULT NULL,
  `Defended_Points_Lat` double DEFAULT NULL,
  `Defended_Point_Long` double DEFAULT NULL,
  `Defended_Point_Alt` double DEFAULT NULL,
  PRIMARY KEY (`ID_Defended_Point`)
) ENGINE=InnoDB AUTO_INCREMENT=3 DEFAULT CHARSET=utf8mb4 COLLATE=utf8mb4_0900_ai_ci;
/*!40101 SET character_set_client = @saved_cs_client */;

--
-- Dumping data for table `defended_points`
--

LOCK TABLES `defended_points` WRITE;
/*!40000 ALTER TABLE `defended_points` DISABLE KEYS */;
INSERT INTO `defended_points` VALUES (1,'point1',1,250,NULL,102365,103212,21.5),(2,'point2',2,300,NULL,103265,103256,30.1);
/*!40000 ALTER TABLE `defended_points` ENABLE KEYS */;
UNLOCK TABLES;

--
-- Table structure for table `id_command_battalion`
--

DROP TABLE IF EXISTS `id_command_battalion`;
/*!40101 SET @saved_cs_client     = @@character_set_client */;
 SET character_set_client = utf8mb4 ;
CREATE TABLE `id_command_battalion` (
  `ID_Comm_Bat` int(10) unsigned NOT NULL AUTO_INCREMENT,
  `Comm_Name` varchar(45) NOT NULL,
  PRIMARY KEY (`ID_Comm_Bat`)
) ENGINE=InnoDB AUTO_INCREMENT=8 DEFAULT CHARSET=utf8mb4 COLLATE=utf8mb4_0900_ai_ci;
/*!40101 SET character_set_client = @saved_cs_client */;

--
-- Dumping data for table `id_command_battalion`
--

LOCK TABLES `id_command_battalion` WRITE;
/*!40000 ALTER TABLE `id_command_battalion` DISABLE KEYS */;
INSERT INTO `id_command_battalion` VALUES (1,'wilco'),(2,'tracking'),(3,'fire'),(4,'broke'),(5,'ineffect'),(6,'partial_effect'),(7,'cantco');
/*!40000 ALTER TABLE `id_command_battalion` ENABLE KEYS */;
UNLOCK TABLES;

--
-- Table structure for table `id_command_high_level`
--

DROP TABLE IF EXISTS `id_command_high_level`;
/*!40101 SET @saved_cs_client     = @@character_set_client */;
 SET character_set_client = utf8mb4 ;
CREATE TABLE `id_command_high_level` (
  `ID_Comm_HL` int(10) unsigned NOT NULL AUTO_INCREMENT,
  `Command_Name` varchar(45) NOT NULL,
  PRIMARY KEY (`ID_Comm_HL`)
) ENGINE=InnoDB AUTO_INCREMENT=7 DEFAULT CHARSET=utf8mb4 COLLATE=utf8mb4_0900_ai_ci;
/*!40101 SET character_set_client = @saved_cs_client */;

--
-- Dumping data for table `id_command_high_level`
--

LOCK TABLES `id_command_high_level` WRITE;
/*!40000 ALTER TABLE `id_command_high_level` DISABLE KEYS */;
INSERT INTO `id_command_high_level` VALUES (1,'assign_investigate'),(2,'engage'),(3,'hold_fire'),(4,'cease_fire'),(5,'cease_engage'),(6,'cover');
/*!40000 ALTER TABLE `id_command_high_level` ENABLE KEYS */;
UNLOCK TABLES;

--
-- Table structure for table `launcher_engagement`
--

DROP TABLE IF EXISTS `launcher_engagement`;
/*!40101 SET @saved_cs_client     = @@character_set_client */;
 SET character_set_client = utf8mb4 ;
CREATE TABLE `launcher_engagement` (
  `ID_Launcher_Eng` int(10) unsigned NOT NULL AUTO_INCREMENT,
  `FK_ID_Comm_HL` int(10) unsigned DEFAULT NULL,
  `FK_ID_Comm_Bat` int(10) unsigned DEFAULT NULL,
  `FK_ID_All_Track` int(10) unsigned DEFAULT NULL,
  `FK_ID_Bat_Real` int(10) unsigned DEFAULT NULL,
  `Launcher_Name` varchar(45) NOT NULL DEFAULT 'A',
  `Launcher_Availabilty` tinyint(3) unsigned DEFAULT NULL,
  `HotMissiles` int(10) unsigned DEFAULT NULL,
  `Time_Update` datetime NOT NULL DEFAULT CURRENT_TIMESTAMP,
  PRIMARY KEY (`ID_Launcher_Eng`),
  KEY `FK_Comm_HL_idx` (`FK_ID_Comm_HL`),
  KEY `FK_Comm_Bat_idx` (`FK_ID_Comm_Bat`),
  KEY `FK_Real_Bat_idx` (`FK_ID_Bat_Real`),
  KEY `FK_All_Track_idx` (`FK_ID_All_Track`),
  CONSTRAINT `FK_All_Track` FOREIGN KEY (`FK_ID_All_Track`) REFERENCES `all_track` (`Serial`),
  CONSTRAINT `FK_Comm_Bat` FOREIGN KEY (`FK_ID_Comm_Bat`) REFERENCES `id_command_battalion` (`ID_Comm_Bat`),
  CONSTRAINT `FK_Comm_HL` FOREIGN KEY (`FK_ID_Comm_HL`) REFERENCES `id_command_high_level` (`ID_Comm_HL`),
  CONSTRAINT `FK_Real_Bat` FOREIGN KEY (`FK_ID_Bat_Real`) REFERENCES `battalion_real` (`ID_Bat_Real`)
) ENGINE=InnoDB AUTO_INCREMENT=4 DEFAULT CHARSET=utf8mb4 COLLATE=utf8mb4_0900_ai_ci;
/*!40101 SET character_set_client = @saved_cs_client */;

--
-- Dumping data for table `launcher_engagement`
--

LOCK TABLES `launcher_engagement` WRITE;
/*!40000 ALTER TABLE `launcher_engagement` DISABLE KEYS */;
INSERT INTO `launcher_engagement` VALUES (2,2,NULL,3,1,'A',NULL,NULL,'0000-00-00 00:00:00');
/*!40000 ALTER TABLE `launcher_engagement` ENABLE KEYS */;
UNLOCK TABLES;

--
-- Table structure for table `local_radar_type`
--

DROP TABLE IF EXISTS `local_radar_type`;
/*!40101 SET @saved_cs_client     = @@character_set_client */;
 SET character_set_client = utf8mb4 ;
CREATE TABLE `local_radar_type` (
  `ID_Local_Rad_Type` int(10) unsigned NOT NULL AUTO_INCREMENT,
  `Local_Rad_Name` varchar(45) NOT NULL,
  `Local_Rad_Type` tinyint(4) DEFAULT NULL,
  `Local_Rad_Icon` varchar(45) DEFAULT NULL,
  `Local_Rad_Max_Rng` double DEFAULT NULL,
  `Local_Rad_Min_Rng` double DEFAULT NULL,
  `Local_Rad_Max_Hgt` double DEFAULT NULL,
  `Local_Rad_Rng_Res` double DEFAULT NULL,
  `Local_Rad_Azm_Res` double DEFAULT NULL,
  `Local_Rad_Elev_Res` double DEFAULT NULL,
  PRIMARY KEY (`ID_Local_Rad_Type`)
) ENGINE=InnoDB AUTO_INCREMENT=8 DEFAULT CHARSET=utf8mb4 COLLATE=utf8mb4_0900_ai_ci;
/*!40101 SET character_set_client = @saved_cs_client */;

--
-- Dumping data for table `local_radar_type`
--

LOCK TABLES `local_radar_type` WRITE;
/*!40000 ALTER TABLE `local_radar_type` DISABLE KEYS */;
INSERT INTO `local_radar_type` VALUES (1,'SPS-48E',3,NULL,463,4.6,30,0.15,1.8,1.6),(2,'TPS-63',2,NULL,350,2,12,0.15,0,0),(3,'YLC-6M',2,NULL,250,0,12,0.15,0,0),(4,'JYL-1',3,NULL,480,3,30,0.15,0,0),(5,'P14',2,NULL,400,2,20,1.6,3.5,0),(6,'P18',2,NULL,380,2,20,1.2,3,NULL),(7,'843-E',1,NULL,400,0,0,0,0,0);
/*!40000 ALTER TABLE `local_radar_type` ENABLE KEYS */;
UNLOCK TABLES;

--
-- Table structure for table `sim_scenarios`
--

DROP TABLE IF EXISTS `sim_scenarios`;
/*!40101 SET @saved_cs_client     = @@character_set_client */;
 SET character_set_client = utf8mb4 ;
CREATE TABLE `sim_scenarios` (
  `ID` int(11) NOT NULL AUTO_INCREMENT,
  `ScenarioName` varchar(45) DEFAULT NULL,
  PRIMARY KEY (`ID`),
  KEY `ID` (`ID`) /*!80000 INVISIBLE */
) ENGINE=InnoDB AUTO_INCREMENT=62 DEFAULT CHARSET=utf8mb4 COLLATE=utf8mb4_0900_ai_ci;
/*!40101 SET character_set_client = @saved_cs_client */;

--
-- Dumping data for table `sim_scenarios`
--

LOCK TABLES `sim_scenarios` WRITE;
/*!40000 ALTER TABLE `sim_scenarios` DISABLE KEYS */;
INSERT INTO `sim_scenarios` VALUES (1,'demo1'),(2,'RoutesScenario'),(3,'Demo10'),(4,'Demo100'),(60,'amg'),(61,'NewDemo10');
/*!40000 ALTER TABLE `sim_scenarios` ENABLE KEYS */;
UNLOCK TABLES;

--
-- Table structure for table `sim_track_details`
--

DROP TABLE IF EXISTS `sim_track_details`;
/*!40101 SET @saved_cs_client     = @@character_set_client */;
 SET character_set_client = utf8mb4 ;
CREATE TABLE `sim_track_details` (
  `ID` int(11) NOT NULL AUTO_INCREMENT,
  `TrackID` int(11) DEFAULT NULL,
  `LatLong` varchar(45) DEFAULT NULL,
  `Height` float DEFAULT NULL,
  `Velocity` float DEFAULT NULL,
  PRIMARY KEY (`ID`),
  KEY `ID` (`ID`) /*!80000 INVISIBLE */,
  KEY `TrackIDCon` (`TrackID`) /*!80000 INVISIBLE */,
  CONSTRAINT `TrackIDCon` FOREIGN KEY (`TrackID`) REFERENCES `sim_tracks` (`ID`) ON DELETE CASCADE ON UPDATE CASCADE
) ENGINE=InnoDB AUTO_INCREMENT=68 DEFAULT CHARSET=utf8mb4 COLLATE=utf8mb4_0900_ai_ci;
/*!40101 SET character_set_client = @saved_cs_client */;

--
-- Dumping data for table `sim_track_details`
--

LOCK TABLES `sim_track_details` WRITE;
/*!40000 ALTER TABLE `sim_track_details` DISABLE KEYS */;
INSERT INTO `sim_track_details` VALUES (1,1,'30 53 02N 30 20 12E',1,9),(2,1,'28 23 02N 30 41 12E',1,9),(3,2,'30 51 22N 30 11 12E',1,9),(4,2,'28 22 12N 30 32 12E',1,9),(5,3,'30 49 42N 30 04 12E',1,9),(6,3,'28 23 52N 30 23 12E',1,9),(7,4,'30 02 12N 29 00 12E',1,9),(8,4,'29 57 12N 31 29 12E',1,9),(9,5,'29 53 52N 29 03 12E',1,9),(10,5,'29 45 32N 31 27 12E',1,9),(11,6,'30 15 32N 30 54 12E',1,9),(12,6,'28 28 52N 29 25 12E',1,9),(13,7,'28 24 42N 29 33 12E',1,9),(14,7,'30 08 52N 31 03 12E',1,9),(15,8,'31 39 42N 29 24 12E',1,9),(16,8,'30 34 42N 31 02 12E',1,9),(17,9,'31 43 02N 29 30 12E',1,9),(18,9,'30 39 42N 31 03 12E',1,9),(19,10,'30 53 52N 32 28 12E',1,9),(20,10,'30 28 52N 31 34 12E',1,9),(21,11,'30 58 02N 32 26 12E',1,9),(22,11,'30 34 42N 31 33 12E',1,9),(23,12,'29 10 32N 32 37 12E',1,9),(24,12,'30 18 52N 31 23 12E',1,9),(25,13,'29 13 52N 32 46 12E',1,9),(26,13,'30 18 52N 31 32 12E',1,9),(44,35,'36 30 32N 33 30 32E',10,5),(45,35,'34 14 42N 30 11 47E',10,5),(46,35,'34 15 32N 26 21 09E',10,5),(47,35,'35 53 02N 25 29 35E',10,5),(48,36,'35 53 52N 34 45 32E',10,5),(49,36,'34 03 53N 32 37 05E',10,5),(50,36,'33 01 22N 30 30 32E',10,5),(51,36,'32 37 12N 28 28 39E',10,5),(52,36,'35 03 02N 24 40 50E',10,5),(53,37,'30 29 20N 34 11 02E',100,3),(54,37,'29 33 30N 31 31 40E',100,3),(55,37,'29 32 40N 30 12 55E',100,3),(56,37,'29 25 10N 28 07 17E',100,3),(57,37,'28 16 50N 27 19 29E',100,3),(58,38,'29 45 10N 34 26 58E',100,3),(59,38,'28 51 50N 32 07 17E',100,3),(60,38,'28 49 20N 30 49 29E',100,3),(61,38,'28 53 30N 28 51 21E',100,3),(62,38,'27 49 20N 28 10 06E',100,3),(63,39,'30 48 30N 33 21 21E',100,3),(64,39,'29 21 00N 32 03 32E',100,3),(65,39,'28 16 00N 31 37 17E',100,3),(66,39,'26 17 40N 31 11 59E',100,3),(67,39,'26 03 30N 30 24 10E',100,3);
/*!40000 ALTER TABLE `sim_track_details` ENABLE KEYS */;
UNLOCK TABLES;

--
-- Table structure for table `sim_tracks`
--

DROP TABLE IF EXISTS `sim_tracks`;
/*!40101 SET @saved_cs_client     = @@character_set_client */;
 SET character_set_client = utf8mb4 ;
CREATE TABLE `sim_tracks` (
  `ID` int(11) NOT NULL AUTO_INCREMENT,
  `ScenarioID` int(11) DEFAULT NULL,
  `TrackColor` varchar(45) DEFAULT NULL,
  `TimeOfAppearance` int(11) DEFAULT NULL,
  PRIMARY KEY (`ID`),
  KEY `ID` (`ID`) /*!80000 INVISIBLE */,
  KEY `ScenarioIDCon` (`ScenarioID`),
  CONSTRAINT `ScenarioIDCon` FOREIGN KEY (`ScenarioID`) REFERENCES `sim_scenarios` (`ID`) ON DELETE CASCADE ON UPDATE CASCADE
) ENGINE=InnoDB AUTO_INCREMENT=40 DEFAULT CHARSET=utf8mb4 COLLATE=utf8mb4_0900_ai_ci;
/*!40101 SET character_set_client = @saved_cs_client */;

--
-- Dumping data for table `sim_tracks`
--

LOCK TABLES `sim_tracks` WRITE;
/*!40000 ALTER TABLE `sim_tracks` DISABLE KEYS */;
INSERT INTO `sim_tracks` VALUES (1,1,'Blue',0),(2,1,'BlueViolet',0),(3,1,'Brown',0),(4,1,'BurlyWood',0),(5,1,'CadetBlue',0),(6,1,'Chartreuse',0),(7,1,'Chocolate',0),(8,1,'Coral',0),(9,1,'CornflowerBlue',0),(10,1,'Cornsilk',0),(11,1,'Crimson',0),(12,1,'Cyan',0),(13,1,'DarkBlue',0),(14,2,'Blue',0),(15,2,'BlueViolet',0),(16,2,'Brown',0),(17,2,'BurlyWood',0),(18,2,'CadetBlue',0),(19,2,'Chartreuse',0),(20,2,'Chocolate',0),(21,2,'Coral',0),(22,2,'CornflowerBlue',0),(23,2,'Cornsilk',0),(24,2,'Crimson',0),(25,2,'Cyan',0),(26,2,'DarkBlue',0),(35,60,'Blue',0),(36,60,'BlueViolet',0),(37,61,'Blue',0),(38,61,'BlueViolet',0),(39,61,'Brown',0);
/*!40000 ALTER TABLE `sim_tracks` ENABLE KEYS */;
UNLOCK TABLES;

--
-- Table structure for table `trackidentificationtypes`
--

DROP TABLE IF EXISTS `trackidentificationtypes`;
/*!40101 SET @saved_cs_client     = @@character_set_client */;
 SET character_set_client = utf8mb4 ;
CREATE TABLE `trackidentificationtypes` (
  `ID` int(10) unsigned NOT NULL AUTO_INCREMENT,
  `FK_ID_Brigade` int(10) unsigned NOT NULL,
  `Type` varchar(2) NOT NULL,
  `Icon` varchar(45) NOT NULL DEFAULT 'Empty.ico',
  PRIMARY KEY (`ID`),
  KEY `FK_Brigade_idx` (`FK_ID_Brigade`),
  CONSTRAINT `FK_Brigade` FOREIGN KEY (`FK_ID_Brigade`) REFERENCES `brigade` (`ID_Brigade`)
) ENGINE=InnoDB AUTO_INCREMENT=102 DEFAULT CHARSET=latin1;
/*!40101 SET character_set_client = @saved_cs_client */;

--
-- Dumping data for table `trackidentificationtypes`
--

LOCK TABLES `trackidentificationtypes` WRITE;
/*!40000 ALTER TABLE `trackidentificationtypes` DISABLE KEYS */;
INSERT INTO `trackidentificationtypes` VALUES (1,1,'F','Red_airplane.png'),(2,1,'H','Blue_airplane.png'),(3,1,'S','Red_airplane.png'),(4,1,'P','Yalow_airplane.png'),(5,1,'F','Red_airplane.png'),(6,1,'F','Red_airplane.png');
/*!40000 ALTER TABLE `trackidentificationtypes` ENABLE KEYS */;
UNLOCK TABLES;
/*!40103 SET TIME_ZONE=@OLD_TIME_ZONE */;

/*!40101 SET SQL_MODE=@OLD_SQL_MODE */;
/*!40014 SET FOREIGN_KEY_CHECKS=@OLD_FOREIGN_KEY_CHECKS */;
/*!40014 SET UNIQUE_CHECKS=@OLD_UNIQUE_CHECKS */;
/*!40101 SET CHARACTER_SET_CLIENT=@OLD_CHARACTER_SET_CLIENT */;
/*!40101 SET CHARACTER_SET_RESULTS=@OLD_CHARACTER_SET_RESULTS */;
/*!40101 SET COLLATION_CONNECTION=@OLD_COLLATION_CONNECTION */;
/*!40111 SET SQL_NOTES=@OLD_SQL_NOTES */;

-- Dump completed on 2020-10-11 13:01:04
