-- MySQL dump 10.13  Distrib 8.0.20, for Win64 (x86_64)
--
-- Host: localhost    Database: battdb
-- ------------------------------------------------------
-- Server version	8.0.20

/*!40101 SET @OLD_CHARACTER_SET_CLIENT=@@CHARACTER_SET_CLIENT */;
/*!40101 SET @OLD_CHARACTER_SET_RESULTS=@@CHARACTER_SET_RESULTS */;
/*!40101 SET @OLD_COLLATION_CONNECTION=@@COLLATION_CONNECTION */;
/*!50503 SET NAMES utf8 */;
/*!40103 SET @OLD_TIME_ZONE=@@TIME_ZONE */;
/*!40103 SET TIME_ZONE='+00:00' */;
/*!40014 SET @OLD_UNIQUE_CHECKS=@@UNIQUE_CHECKS, UNIQUE_CHECKS=0 */;
/*!40014 SET @OLD_FOREIGN_KEY_CHECKS=@@FOREIGN_KEY_CHECKS, FOREIGN_KEY_CHECKS=0 */;
/*!40101 SET @OLD_SQL_MODE=@@SQL_MODE, SQL_MODE='NO_AUTO_VALUE_ON_ZERO' */;
/*!40111 SET @OLD_SQL_NOTES=@@SQL_NOTES, SQL_NOTES=0 */;

--
-- Table structure for table `all_sim_track_source1`
--

DROP TABLE IF EXISTS `all_sim_track_source1`;
/*!40101 SET @saved_cs_client     = @@character_set_client */;
/*!50503 SET character_set_client = utf8mb4 */;
CREATE TABLE `all_sim_track_source1` (
  `Serial` int unsigned NOT NULL AUTO_INCREMENT,
  `valid` smallint unsigned DEFAULT NULL,
  `TRK_No` varchar(5) DEFAULT NULL COMMENT 'ex: AB001',
  `Track_ID` int unsigned DEFAULT NULL COMMENT '0 -> 7 ex: F,U,H...',
  `TQ` smallint unsigned DEFAULT NULL COMMENT '0 -> 7 ',
  `Speed` float DEFAULT NULL COMMENT 'Feet / Sec',
  `Range` float DEFAULT NULL COMMENT 'Feet / Sec',
  `Azm` int unsigned DEFAULT NULL COMMENT 'Degree from true north',
  `Alt` int unsigned DEFAULT NULL COMMENT 'Feet',
  `TRK_Lat` double DEFAULT NULL COMMENT 'in Seconds',
  `TRK_Long` double DEFAULT NULL COMMENT 'in Seconds',
  `TRK_Size` smallint unsigned DEFAULT NULL COMMENT '0 -> 7',
  `SL` bit(1) DEFAULT NULL COMMENT 'Simulate / Live',
  `TRK_Time` timestamp NOT NULL DEFAULT CURRENT_TIMESTAMP ON UPDATE CURRENT_TIMESTAMP,
  `VX` double NOT NULL,
  `VY` double NOT NULL,
  PRIMARY KEY (`Serial`)
) ENGINE=InnoDB AUTO_INCREMENT=447 DEFAULT CHARSET=utf8 COMMENT='InnoDB free: 4096 kB';
/*!40101 SET character_set_client = @saved_cs_client */;

--
-- Dumping data for table `all_sim_track_source1`
--

LOCK TABLES `all_sim_track_source1` WRITE;
/*!40000 ALTER TABLE `all_sim_track_source1` DISABLE KEYS */;
INSERT INTO `all_sim_track_source1` VALUES (1,1,'BB001',3,3,NULL,NULL,NULL,NULL,110699,102217,0,NULL,'2020-06-01 12:12:29',0,0),(2,1,'BB002',3,6,NULL,NULL,NULL,NULL,110131,102410,2,NULL,'2020-06-01 12:12:28',0,0),(3,1,'BB003',3,3,NULL,NULL,NULL,NULL,109630,102300,0,NULL,'2020-06-01 12:12:28',0,0),(4,0,'BB004',3,4,NULL,NULL,NULL,NULL,0,0,1,NULL,'2020-05-31 22:04:16',0,0),(5,0,'BB005',3,4,NULL,NULL,NULL,NULL,0,0,1,NULL,'2020-05-31 22:04:16',0,0),(6,0,'BB006',3,2,NULL,NULL,NULL,NULL,1000,10,0,NULL,'2020-05-31 21:59:55',0,0),(7,0,'BB007',3,5,NULL,NULL,NULL,NULL,1000,10,2,NULL,'2020-05-31 21:59:55',0,0),(8,0,'BB008',3,6,NULL,NULL,NULL,NULL,1000,10,2,NULL,'2020-05-31 21:59:55',0,0),(9,0,'BB009',3,5,NULL,NULL,NULL,NULL,1000,10,1,NULL,'2020-05-31 21:59:55',0,0),(10,0,'BB010',3,2,NULL,NULL,NULL,NULL,1000,10,0,NULL,'2020-05-31 21:59:55',0,0),(11,0,'BB011',3,5,NULL,NULL,NULL,NULL,1000,10,2,NULL,'2020-05-31 21:59:55',0,0),(12,0,'BB012',3,2,NULL,NULL,NULL,NULL,1000,10,0,NULL,'2020-05-31 21:59:55',0,0),(13,0,'BB013',3,5,NULL,NULL,NULL,NULL,1000,10,2,NULL,'2020-05-31 21:59:56',0,0),(14,0,'BB200',NULL,NULL,NULL,NULL,NULL,NULL,NULL,NULL,NULL,NULL,'2020-05-03 10:23:32',0,0),(15,0,'BB200',NULL,NULL,NULL,NULL,NULL,NULL,NULL,NULL,NULL,NULL,'2020-05-03 10:23:32',0,0),(16,0,'BB200',NULL,NULL,NULL,NULL,NULL,NULL,NULL,NULL,NULL,NULL,'2020-05-03 10:23:32',0,0),(17,0,'BB200',NULL,NULL,NULL,NULL,NULL,NULL,NULL,NULL,NULL,NULL,'2020-05-03 10:23:32',0,0),(18,0,'BB200',NULL,NULL,NULL,NULL,NULL,NULL,NULL,NULL,NULL,NULL,'2020-05-03 10:23:32',0,0),(19,0,'BB200',NULL,NULL,NULL,NULL,NULL,NULL,NULL,NULL,NULL,NULL,'2020-05-03 10:23:32',0,0),(20,0,'BB200',NULL,NULL,NULL,NULL,NULL,NULL,NULL,NULL,NULL,NULL,'2020-05-03 10:23:32',0,0),(21,0,'BB200',NULL,NULL,NULL,NULL,NULL,NULL,NULL,NULL,NULL,NULL,'2020-05-03 10:23:32',0,0),(22,0,'BB200',NULL,NULL,NULL,NULL,NULL,NULL,NULL,NULL,NULL,NULL,'2020-05-03 10:23:32',0,0),(23,0,'BB200',NULL,NULL,NULL,NULL,NULL,NULL,NULL,NULL,NULL,NULL,'2020-05-03 10:23:32',0,0),(24,0,'BB200',NULL,NULL,NULL,NULL,NULL,NULL,NULL,NULL,NULL,NULL,'2020-05-03 10:23:32',0,0),(25,0,'BB200',NULL,NULL,NULL,NULL,NULL,NULL,NULL,NULL,NULL,NULL,'2020-05-03 10:23:32',0,0),(26,0,'BB200',NULL,NULL,NULL,NULL,NULL,NULL,NULL,NULL,NULL,NULL,'2020-05-03 10:23:32',0,0),(27,0,'BB200',NULL,NULL,NULL,NULL,NULL,NULL,NULL,NULL,NULL,NULL,'2020-05-03 10:23:32',0,0),(28,0,'BB200',NULL,NULL,NULL,NULL,NULL,NULL,NULL,NULL,NULL,NULL,'2020-05-03 10:23:32',0,0),(29,0,'BB200',NULL,NULL,NULL,NULL,NULL,NULL,NULL,NULL,NULL,NULL,'2020-05-03 10:23:32',0,0),(30,0,'BB200',NULL,NULL,NULL,NULL,NULL,NULL,NULL,NULL,NULL,NULL,'2020-05-03 10:23:32',0,0),(31,0,'BB200',NULL,NULL,NULL,NULL,NULL,NULL,NULL,NULL,NULL,NULL,'2020-05-03 10:23:32',0,0),(32,0,'BB200',NULL,NULL,NULL,NULL,NULL,NULL,NULL,NULL,NULL,NULL,'2020-05-03 10:23:32',0,0),(33,0,'BB200',NULL,NULL,NULL,NULL,NULL,NULL,NULL,NULL,NULL,NULL,'2020-05-03 10:23:32',0,0),(433,0,'BB200',NULL,NULL,NULL,NULL,NULL,NULL,NULL,NULL,NULL,NULL,'2020-05-03 10:23:32',0,0),(434,0,'BB200',NULL,NULL,NULL,NULL,NULL,NULL,NULL,NULL,NULL,NULL,'2020-05-03 10:23:32',0,0),(435,0,'BB200',NULL,NULL,NULL,NULL,NULL,NULL,NULL,NULL,NULL,NULL,'2020-05-03 10:23:32',0,0),(436,0,'BB200',NULL,NULL,NULL,NULL,NULL,NULL,NULL,NULL,NULL,NULL,'2020-05-03 10:23:32',0,0),(437,0,'BB200',NULL,NULL,NULL,NULL,NULL,NULL,NULL,NULL,NULL,NULL,'2020-05-03 10:23:32',0,0),(438,0,'BB200',NULL,NULL,NULL,NULL,NULL,NULL,NULL,NULL,NULL,NULL,'2020-05-03 10:23:32',0,0),(439,0,'BB200',NULL,NULL,NULL,NULL,NULL,NULL,NULL,NULL,NULL,NULL,'2020-05-03 10:23:32',0,0),(440,0,'BB200',NULL,NULL,NULL,NULL,NULL,NULL,NULL,NULL,NULL,NULL,'2020-05-03 10:23:32',0,0),(441,0,'BB200',NULL,NULL,NULL,NULL,NULL,NULL,NULL,NULL,NULL,NULL,'2020-05-03 10:23:32',0,0),(442,0,'BB200',NULL,NULL,NULL,NULL,NULL,NULL,NULL,NULL,NULL,NULL,'2020-05-03 10:23:32',0,0),(443,0,'BB200',NULL,NULL,NULL,NULL,NULL,NULL,NULL,NULL,NULL,NULL,'2020-05-03 10:23:32',0,0),(444,0,'BB200',NULL,NULL,NULL,NULL,NULL,NULL,NULL,NULL,NULL,NULL,'2020-05-03 10:23:32',0,0),(445,0,'BB200',NULL,NULL,NULL,NULL,NULL,NULL,NULL,NULL,NULL,NULL,'2020-05-03 10:23:32',0,0),(446,0,'BB200',NULL,NULL,NULL,NULL,NULL,NULL,NULL,NULL,NULL,NULL,'2020-05-03 10:23:32',0,0);
/*!40000 ALTER TABLE `all_sim_track_source1` ENABLE KEYS */;
UNLOCK TABLES;

--
-- Table structure for table `all_sim_track_source2`
--

DROP TABLE IF EXISTS `all_sim_track_source2`;
/*!40101 SET @saved_cs_client     = @@character_set_client */;
/*!50503 SET character_set_client = utf8mb4 */;
CREATE TABLE `all_sim_track_source2` (
  `Serial` int unsigned NOT NULL AUTO_INCREMENT,
  `valid` smallint unsigned DEFAULT NULL,
  `TRK_No` varchar(5) DEFAULT NULL COMMENT 'ex: AB001',
  `Track_ID` int unsigned DEFAULT NULL COMMENT '0 -> 7 ex: F,U,H...',
  `TQ` smallint unsigned DEFAULT NULL COMMENT '0 -> 7 ',
  `Speed` float DEFAULT NULL COMMENT 'Feet / Sec',
  `Range` float DEFAULT NULL COMMENT 'Feet / Sec',
  `Azm` int unsigned DEFAULT NULL COMMENT 'Degree from true north',
  `Alt` int unsigned DEFAULT NULL COMMENT 'Feet',
  `TRK_LatY` double DEFAULT NULL COMMENT 'in Seconds',
  `TRK_LongX` double DEFAULT NULL COMMENT 'in Seconds',
  `TRK_Size` smallint unsigned DEFAULT NULL COMMENT '0 -> 7',
  `SL` bit(1) DEFAULT NULL COMMENT 'Simulate / Live',
  `TRK_Time` timestamp NOT NULL DEFAULT CURRENT_TIMESTAMP ON UPDATE CURRENT_TIMESTAMP,
  `VX` double NOT NULL,
  `VY` double NOT NULL,
  PRIMARY KEY (`Serial`)
) ENGINE=InnoDB AUTO_INCREMENT=447 DEFAULT CHARSET=utf8;
/*!40101 SET character_set_client = @saved_cs_client */;

--
-- Dumping data for table `all_sim_track_source2`
--

LOCK TABLES `all_sim_track_source2` WRITE;
/*!40000 ALTER TABLE `all_sim_track_source2` DISABLE KEYS */;
INSERT INTO `all_sim_track_source2` VALUES (1,1,'BB001',3,3,NULL,NULL,NULL,NULL,NULL,NULL,0,NULL,'2020-05-11 08:00:52',0,0),(2,1,'BB002',3,6,NULL,NULL,NULL,NULL,NULL,NULL,2,NULL,'2020-05-11 08:00:53',0,0),(3,1,'BB003',3,3,NULL,NULL,NULL,NULL,NULL,NULL,0,NULL,'2020-05-11 08:00:53',0,0),(4,0,'BB004',3,4,NULL,NULL,NULL,NULL,NULL,NULL,1,NULL,'2020-05-11 08:00:41',0,0),(5,0,'BB005',3,4,NULL,NULL,NULL,NULL,NULL,NULL,1,NULL,'2020-05-11 08:00:41',0,0),(6,0,'BB006',3,2,NULL,NULL,NULL,NULL,NULL,NULL,0,NULL,'2020-05-11 08:00:41',0,0),(7,0,'BB007',3,5,NULL,NULL,NULL,NULL,NULL,NULL,2,NULL,'2020-05-11 08:00:41',0,0),(8,0,'BB008',3,6,NULL,NULL,NULL,NULL,NULL,NULL,2,NULL,'2020-05-11 08:00:41',0,0),(9,0,'BB009',3,5,NULL,NULL,NULL,NULL,NULL,NULL,1,NULL,'2020-05-11 08:00:41',0,0),(10,0,'BB010',3,2,NULL,NULL,NULL,NULL,NULL,NULL,0,NULL,'2020-05-11 08:00:41',0,0),(11,0,'BB011',3,5,NULL,NULL,NULL,NULL,NULL,NULL,2,NULL,'2020-05-11 08:00:41',0,0),(12,0,'BB012',3,2,NULL,NULL,NULL,NULL,NULL,NULL,0,NULL,'2020-05-11 08:00:41',0,0),(13,0,'BB013',3,5,NULL,NULL,NULL,NULL,NULL,NULL,2,NULL,'2020-05-11 08:00:41',0,0),(14,0,'BB200',NULL,NULL,NULL,NULL,NULL,NULL,NULL,NULL,NULL,NULL,'2020-05-03 10:23:32',0,0),(15,0,'BB200',NULL,NULL,NULL,NULL,NULL,NULL,NULL,NULL,NULL,NULL,'2020-05-03 10:23:32',0,0),(16,0,'BB200',NULL,NULL,NULL,NULL,NULL,NULL,NULL,NULL,NULL,NULL,'2020-05-03 10:23:32',0,0),(17,0,'BB200',NULL,NULL,NULL,NULL,NULL,NULL,NULL,NULL,NULL,NULL,'2020-05-03 10:23:32',0,0),(18,0,'BB200',NULL,NULL,NULL,NULL,NULL,NULL,NULL,NULL,NULL,NULL,'2020-05-03 10:23:32',0,0),(19,0,'BB200',NULL,NULL,NULL,NULL,NULL,NULL,NULL,NULL,NULL,NULL,'2020-05-03 10:23:32',0,0),(20,0,'BB200',NULL,NULL,NULL,NULL,NULL,NULL,NULL,NULL,NULL,NULL,'2020-05-03 10:23:32',0,0),(21,0,'BB200',NULL,NULL,NULL,NULL,NULL,NULL,NULL,NULL,NULL,NULL,'2020-05-03 10:23:32',0,0),(22,0,'BB200',NULL,NULL,NULL,NULL,NULL,NULL,NULL,NULL,NULL,NULL,'2020-05-03 10:23:32',0,0),(23,0,'BB200',NULL,NULL,NULL,NULL,NULL,NULL,NULL,NULL,NULL,NULL,'2020-05-03 10:23:32',0,0),(24,0,'BB200',NULL,NULL,NULL,NULL,NULL,NULL,NULL,NULL,NULL,NULL,'2020-05-03 10:23:32',0,0),(25,0,'BB200',NULL,NULL,NULL,NULL,NULL,NULL,NULL,NULL,NULL,NULL,'2020-05-03 10:23:32',0,0),(26,0,'BB200',NULL,NULL,NULL,NULL,NULL,NULL,NULL,NULL,NULL,NULL,'2020-05-03 10:23:32',0,0),(27,0,'BB200',NULL,NULL,NULL,NULL,NULL,NULL,NULL,NULL,NULL,NULL,'2020-05-03 10:23:32',0,0),(28,0,'BB200',NULL,NULL,NULL,NULL,NULL,NULL,NULL,NULL,NULL,NULL,'2020-05-03 10:23:32',0,0),(29,0,'BB200',NULL,NULL,NULL,NULL,NULL,NULL,NULL,NULL,NULL,NULL,'2020-05-03 10:23:32',0,0),(30,0,'BB200',NULL,NULL,NULL,NULL,NULL,NULL,NULL,NULL,NULL,NULL,'2020-05-03 10:23:32',0,0),(31,0,'BB200',NULL,NULL,NULL,NULL,NULL,NULL,NULL,NULL,NULL,NULL,'2020-05-03 10:23:32',0,0),(32,0,'BB200',NULL,NULL,NULL,NULL,NULL,NULL,NULL,NULL,NULL,NULL,'2020-05-03 10:23:32',0,0),(33,0,'BB200',NULL,NULL,NULL,NULL,NULL,NULL,NULL,NULL,NULL,NULL,'2020-05-03 10:23:32',0,0),(433,0,'BB200',NULL,NULL,NULL,NULL,NULL,NULL,NULL,NULL,NULL,NULL,'2020-05-03 10:23:32',0,0),(434,0,'BB200',NULL,NULL,NULL,NULL,NULL,NULL,NULL,NULL,NULL,NULL,'2020-05-03 10:23:32',0,0),(435,0,'BB200',NULL,NULL,NULL,NULL,NULL,NULL,NULL,NULL,NULL,NULL,'2020-05-03 10:23:32',0,0),(436,0,'BB200',NULL,NULL,NULL,NULL,NULL,NULL,NULL,NULL,NULL,NULL,'2020-05-03 10:23:32',0,0),(437,0,'BB200',NULL,NULL,NULL,NULL,NULL,NULL,NULL,NULL,NULL,NULL,'2020-05-03 10:23:32',0,0),(438,0,'BB200',NULL,NULL,NULL,NULL,NULL,NULL,NULL,NULL,NULL,NULL,'2020-05-03 10:23:32',0,0),(439,0,'BB200',NULL,NULL,NULL,NULL,NULL,NULL,NULL,NULL,NULL,NULL,'2020-05-03 10:23:32',0,0),(440,0,'BB200',NULL,NULL,NULL,NULL,NULL,NULL,NULL,NULL,NULL,NULL,'2020-05-03 10:23:32',0,0),(441,0,'BB200',NULL,NULL,NULL,NULL,NULL,NULL,NULL,NULL,NULL,NULL,'2020-05-03 10:23:32',0,0),(442,0,'BB200',NULL,NULL,NULL,NULL,NULL,NULL,NULL,NULL,NULL,NULL,'2020-05-03 10:23:32',0,0),(443,0,'BB200',NULL,NULL,NULL,NULL,NULL,NULL,NULL,NULL,NULL,NULL,'2020-05-03 10:23:32',0,0),(444,0,'BB200',NULL,NULL,NULL,NULL,NULL,NULL,NULL,NULL,NULL,NULL,'2020-05-03 10:23:32',0,0),(445,0,'BB200',NULL,NULL,NULL,NULL,NULL,NULL,NULL,NULL,NULL,NULL,'2020-05-03 10:23:32',0,0),(446,0,'BB200',NULL,NULL,NULL,NULL,NULL,NULL,NULL,NULL,NULL,NULL,'2020-05-03 10:23:32',0,0);
/*!40000 ALTER TABLE `all_sim_track_source2` ENABLE KEYS */;
UNLOCK TABLES;

--
-- Table structure for table `all_sim_track_source3`
--

DROP TABLE IF EXISTS `all_sim_track_source3`;
/*!40101 SET @saved_cs_client     = @@character_set_client */;
/*!50503 SET character_set_client = utf8mb4 */;
CREATE TABLE `all_sim_track_source3` (
  `Serial` int unsigned NOT NULL AUTO_INCREMENT,
  `valid` smallint unsigned DEFAULT NULL,
  `TRK_No` varchar(5) DEFAULT NULL COMMENT 'ex: AB001',
  `Track_ID` int unsigned DEFAULT NULL COMMENT '0 -> 7 ex: F,U,H...',
  `TQ` smallint unsigned DEFAULT NULL COMMENT '0 -> 7 ',
  `Speed` float DEFAULT NULL COMMENT 'Feet / Sec',
  `Range` float DEFAULT NULL COMMENT 'Feet / Sec',
  `Azm` int unsigned DEFAULT NULL COMMENT 'Degree from true north',
  `Alt` int unsigned DEFAULT NULL COMMENT 'Feet',
  `TRK_LatY` double DEFAULT NULL COMMENT 'in Seconds',
  `TRK_LongX` double DEFAULT NULL COMMENT 'in Seconds',
  `TRK_Size` smallint unsigned DEFAULT NULL COMMENT '0 -> 7',
  `SL` bit(1) DEFAULT NULL COMMENT 'Simulate / Live',
  `TRK_Time` timestamp NOT NULL DEFAULT CURRENT_TIMESTAMP ON UPDATE CURRENT_TIMESTAMP,
  `VX` double NOT NULL,
  `VY` double NOT NULL,
  PRIMARY KEY (`Serial`)
) ENGINE=InnoDB AUTO_INCREMENT=447 DEFAULT CHARSET=utf8;
/*!40101 SET character_set_client = @saved_cs_client */;

--
-- Dumping data for table `all_sim_track_source3`
--

LOCK TABLES `all_sim_track_source3` WRITE;
/*!40000 ALTER TABLE `all_sim_track_source3` DISABLE KEYS */;
INSERT INTO `all_sim_track_source3` VALUES (1,1,'BB001',3,3,NULL,NULL,NULL,NULL,NULL,NULL,0,NULL,'2020-05-11 08:00:52',0,0),(2,1,'BB002',3,6,NULL,NULL,NULL,NULL,NULL,NULL,2,NULL,'2020-05-11 08:00:53',0,0),(3,1,'BB003',3,3,NULL,NULL,NULL,NULL,NULL,NULL,0,NULL,'2020-05-11 08:00:53',0,0),(4,0,'BB004',3,4,NULL,NULL,NULL,NULL,NULL,NULL,1,NULL,'2020-05-11 08:00:41',0,0),(5,0,'BB005',3,4,NULL,NULL,NULL,NULL,NULL,NULL,1,NULL,'2020-05-11 08:00:41',0,0),(6,0,'BB006',3,2,NULL,NULL,NULL,NULL,NULL,NULL,0,NULL,'2020-05-11 08:00:41',0,0),(7,0,'BB007',3,5,NULL,NULL,NULL,NULL,NULL,NULL,2,NULL,'2020-05-11 08:00:41',0,0),(8,0,'BB008',3,6,NULL,NULL,NULL,NULL,NULL,NULL,2,NULL,'2020-05-11 08:00:41',0,0),(9,0,'BB009',3,5,NULL,NULL,NULL,NULL,NULL,NULL,1,NULL,'2020-05-11 08:00:41',0,0),(10,0,'BB010',3,2,NULL,NULL,NULL,NULL,NULL,NULL,0,NULL,'2020-05-11 08:00:41',0,0),(11,0,'BB011',3,5,NULL,NULL,NULL,NULL,NULL,NULL,2,NULL,'2020-05-11 08:00:41',0,0),(12,0,'BB012',3,2,NULL,NULL,NULL,NULL,NULL,NULL,0,NULL,'2020-05-11 08:00:41',0,0),(13,0,'BB013',3,5,NULL,NULL,NULL,NULL,NULL,NULL,2,NULL,'2020-05-11 08:00:41',0,0),(14,0,'BB200',NULL,NULL,NULL,NULL,NULL,NULL,NULL,NULL,NULL,NULL,'2020-05-03 10:23:32',0,0),(15,0,'BB200',NULL,NULL,NULL,NULL,NULL,NULL,NULL,NULL,NULL,NULL,'2020-05-03 10:23:32',0,0),(16,0,'BB200',NULL,NULL,NULL,NULL,NULL,NULL,NULL,NULL,NULL,NULL,'2020-05-03 10:23:32',0,0),(17,0,'BB200',NULL,NULL,NULL,NULL,NULL,NULL,NULL,NULL,NULL,NULL,'2020-05-03 10:23:32',0,0),(18,0,'BB200',NULL,NULL,NULL,NULL,NULL,NULL,NULL,NULL,NULL,NULL,'2020-05-03 10:23:32',0,0),(19,0,'BB200',NULL,NULL,NULL,NULL,NULL,NULL,NULL,NULL,NULL,NULL,'2020-05-03 10:23:32',0,0),(20,0,'BB200',NULL,NULL,NULL,NULL,NULL,NULL,NULL,NULL,NULL,NULL,'2020-05-03 10:23:32',0,0),(21,0,'BB200',NULL,NULL,NULL,NULL,NULL,NULL,NULL,NULL,NULL,NULL,'2020-05-03 10:23:32',0,0),(22,0,'BB200',NULL,NULL,NULL,NULL,NULL,NULL,NULL,NULL,NULL,NULL,'2020-05-03 10:23:32',0,0),(23,0,'BB200',NULL,NULL,NULL,NULL,NULL,NULL,NULL,NULL,NULL,NULL,'2020-05-03 10:23:32',0,0),(24,0,'BB200',NULL,NULL,NULL,NULL,NULL,NULL,NULL,NULL,NULL,NULL,'2020-05-03 10:23:32',0,0),(25,0,'BB200',NULL,NULL,NULL,NULL,NULL,NULL,NULL,NULL,NULL,NULL,'2020-05-03 10:23:32',0,0),(26,0,'BB200',NULL,NULL,NULL,NULL,NULL,NULL,NULL,NULL,NULL,NULL,'2020-05-03 10:23:32',0,0),(27,0,'BB200',NULL,NULL,NULL,NULL,NULL,NULL,NULL,NULL,NULL,NULL,'2020-05-03 10:23:32',0,0),(28,0,'BB200',NULL,NULL,NULL,NULL,NULL,NULL,NULL,NULL,NULL,NULL,'2020-05-03 10:23:32',0,0),(29,0,'BB200',NULL,NULL,NULL,NULL,NULL,NULL,NULL,NULL,NULL,NULL,'2020-05-03 10:23:32',0,0),(30,0,'BB200',NULL,NULL,NULL,NULL,NULL,NULL,NULL,NULL,NULL,NULL,'2020-05-03 10:23:32',0,0),(31,0,'BB200',NULL,NULL,NULL,NULL,NULL,NULL,NULL,NULL,NULL,NULL,'2020-05-03 10:23:32',0,0),(32,0,'BB200',NULL,NULL,NULL,NULL,NULL,NULL,NULL,NULL,NULL,NULL,'2020-05-03 10:23:32',0,0),(33,0,'BB200',NULL,NULL,NULL,NULL,NULL,NULL,NULL,NULL,NULL,NULL,'2020-05-03 10:23:32',0,0),(433,0,'BB200',NULL,NULL,NULL,NULL,NULL,NULL,NULL,NULL,NULL,NULL,'2020-05-03 10:23:32',0,0),(434,0,'BB200',NULL,NULL,NULL,NULL,NULL,NULL,NULL,NULL,NULL,NULL,'2020-05-03 10:23:32',0,0),(435,0,'BB200',NULL,NULL,NULL,NULL,NULL,NULL,NULL,NULL,NULL,NULL,'2020-05-03 10:23:32',0,0),(436,0,'BB200',NULL,NULL,NULL,NULL,NULL,NULL,NULL,NULL,NULL,NULL,'2020-05-03 10:23:32',0,0),(437,0,'BB200',NULL,NULL,NULL,NULL,NULL,NULL,NULL,NULL,NULL,NULL,'2020-05-03 10:23:32',0,0),(438,0,'BB200',NULL,NULL,NULL,NULL,NULL,NULL,NULL,NULL,NULL,NULL,'2020-05-03 10:23:32',0,0),(439,0,'BB200',NULL,NULL,NULL,NULL,NULL,NULL,NULL,NULL,NULL,NULL,'2020-05-03 10:23:32',0,0),(440,0,'BB200',NULL,NULL,NULL,NULL,NULL,NULL,NULL,NULL,NULL,NULL,'2020-05-03 10:23:32',0,0),(441,0,'BB200',NULL,NULL,NULL,NULL,NULL,NULL,NULL,NULL,NULL,NULL,'2020-05-03 10:23:32',0,0),(442,0,'BB200',NULL,NULL,NULL,NULL,NULL,NULL,NULL,NULL,NULL,NULL,'2020-05-03 10:23:32',0,0),(443,0,'BB200',NULL,NULL,NULL,NULL,NULL,NULL,NULL,NULL,NULL,NULL,'2020-05-03 10:23:32',0,0),(444,0,'BB200',NULL,NULL,NULL,NULL,NULL,NULL,NULL,NULL,NULL,NULL,'2020-05-03 10:23:32',0,0),(445,0,'BB200',NULL,NULL,NULL,NULL,NULL,NULL,NULL,NULL,NULL,NULL,'2020-05-03 10:23:32',0,0),(446,0,'BB200',NULL,NULL,NULL,NULL,NULL,NULL,NULL,NULL,NULL,NULL,'2020-05-03 10:23:32',0,0);
/*!40000 ALTER TABLE `all_sim_track_source3` ENABLE KEYS */;
UNLOCK TABLES;

--
-- Table structure for table `all_track`
--

DROP TABLE IF EXISTS `all_track`;
/*!40101 SET @saved_cs_client     = @@character_set_client */;
/*!50503 SET character_set_client = utf8mb4 */;
CREATE TABLE `all_track` (
  `Serial` int unsigned NOT NULL AUTO_INCREMENT,
  `Valid` tinyint unsigned DEFAULT NULL,
  `TRK_No` varchar(5) DEFAULT NULL COMMENT 'ex: AB001',
  `Track_ID` int unsigned DEFAULT NULL COMMENT '0 -> 7 ex: F,U,H...',
  `TQ` tinyint unsigned DEFAULT NULL COMMENT '0 -> 7 ',
  `Speed` double DEFAULT NULL COMMENT 'Feet / Sec',
  `Range` double DEFAULT NULL COMMENT 'Feet / Sec',
  `Azm` double unsigned DEFAULT NULL COMMENT 'Degree from true north',
  `Alt` double unsigned DEFAULT NULL COMMENT 'Feet',
  `TRK_Lat` double DEFAULT NULL COMMENT 'in Seconds',
  `TRK_Long` double DEFAULT NULL COMMENT 'in Seconds',
  `TRK_Size` tinyint unsigned DEFAULT NULL COMMENT '0 -> 7',
  `SL` tinyint unsigned DEFAULT NULL COMMENT 'Simulate / Live',
  `TRK_Time` timestamp NOT NULL DEFAULT CURRENT_TIMESTAMP ON UPDATE CURRENT_TIMESTAMP,
  `TRK_Periority` tinyint DEFAULT NULL,
  `VX` double DEFAULT NULL,
  `VY` double DEFAULT NULL,
  PRIMARY KEY (`Serial`),
  KEY `TrackIdentificationTypes` (`Track_ID`),
  CONSTRAINT `TrackIdentificationTypes` FOREIGN KEY (`Track_ID`) REFERENCES `trackidentificationtypes` (`ID`) ON DELETE CASCADE ON UPDATE CASCADE
) ENGINE=InnoDB AUTO_INCREMENT=447 DEFAULT CHARSET=utf8;
/*!40101 SET character_set_client = @saved_cs_client */;

--
-- Dumping data for table `all_track`
--

LOCK TABLES `all_track` WRITE;
/*!40000 ALTER TABLE `all_track` DISABLE KEYS */;
INSERT INTO `all_track` VALUES (1,1,'BB001',1,6,9,NULL,NULL,1,102217.092381349,110698.601579395,2,1,'2021-02-14 19:40:34',NULL,1.10075825097611,-8.93243143118983),(2,1,'BB002',1,6,9,NULL,NULL,1,102409.652491171,110130.86566123,2,1,'2021-02-14 19:40:33',NULL,1.10695434579512,-8.931665694389),(3,1,'BB003',1,6,9,NULL,NULL,1,102300.310383604,109630.266925689,2,1,'2021-02-14 19:40:33',NULL,1.02522735696805,-8.94141537266468),(4,1,'BB004',1,2,9,NULL,NULL,1,107936.530404946,113135.613358399,0,1,'2021-02-14 19:40:29',NULL,8.99650096337445,-0.250939068306605),(5,1,'BB005',1,3,9,NULL,NULL,1,107231.004689474,112956.05612705,1,1,'2021-02-14 19:40:28',NULL,8.98580035004108,-0.505363304169937),(6,1,'BB006',1,3,9,NULL,NULL,1,102557.313586323,105949.954037316,0,1,'2021-02-14 19:40:30',NULL,-5.33932664839203,-7.24510806970957),(7,1,'BB007',1,4,9,NULL,NULL,1,108411.838947228,111506.488593368,1,1,'2021-02-14 19:40:29',NULL,5.37082209909976,7.22179132762929),(8,1,'BB008',1,6,9,NULL,NULL,1,110271.755535382,111529.205913443,2,1,'2021-02-14 19:40:24',NULL,7.15518246658188,-5.45924572353354),(9,1,'BB009',1,3,9,NULL,NULL,1,110603.126317292,111582.744203144,0,1,'2021-02-14 19:40:23',NULL,7.0806032485805,-5.5556329644957),(10,1,'BB010',1,4,9,NULL,NULL,1,109834.983838207,113920.199716414,1,1,'2021-02-14 19:40:13',NULL,-7.9416455719075,-4.23441443533837),(11,1,'BB011',1,4,9,NULL,NULL,1,110136.448624792,113766.226444965,1,1,'2021-02-14 19:40:13',NULL,-8.02589741667423,-4.07246493625445),(12,1,'BB012',1,5,9,NULL,NULL,1,109066.673182038,113056.639426206,1,1,'2021-02-14 19:40:22',NULL,-6.13011055148093,6.58951778407359),(13,1,'BB013',1,3,9,NULL,NULL,1,108968.797530718,113724.887321495,1,1,'2021-02-14 19:40:21',NULL,-6.29190123965444,6.43521396617354),(14,0,'BB200',NULL,NULL,NULL,NULL,NULL,NULL,NULL,NULL,NULL,NULL,'2020-05-03 10:23:32',NULL,0,NULL),(15,0,'BB200',NULL,NULL,NULL,NULL,NULL,NULL,NULL,NULL,NULL,NULL,'2020-05-03 10:23:32',NULL,0,NULL),(16,0,'BB200',NULL,NULL,NULL,NULL,NULL,NULL,NULL,NULL,NULL,NULL,'2020-05-03 10:23:32',NULL,0,NULL),(17,0,'BB200',NULL,NULL,NULL,NULL,NULL,NULL,NULL,NULL,NULL,NULL,'2020-05-03 10:23:32',NULL,0,NULL),(18,0,'BB200',NULL,NULL,NULL,NULL,NULL,NULL,NULL,NULL,NULL,NULL,'2020-05-03 10:23:32',NULL,0,NULL),(19,0,'BB200',NULL,NULL,NULL,NULL,NULL,NULL,NULL,NULL,NULL,NULL,'2020-05-03 10:23:32',NULL,0,NULL),(20,0,'BB200',NULL,NULL,NULL,NULL,NULL,NULL,NULL,NULL,NULL,NULL,'2020-05-03 10:23:32',NULL,0,NULL),(21,0,'BB200',NULL,NULL,NULL,NULL,NULL,NULL,NULL,NULL,NULL,NULL,'2020-05-03 10:23:32',NULL,0,NULL),(22,0,'BB200',NULL,NULL,NULL,NULL,NULL,NULL,NULL,NULL,NULL,NULL,'2020-05-03 10:23:32',NULL,0,NULL),(23,0,'BB200',NULL,NULL,NULL,NULL,NULL,NULL,NULL,NULL,NULL,NULL,'2020-05-03 10:23:32',NULL,0,NULL),(24,0,'BB200',NULL,NULL,NULL,NULL,NULL,NULL,NULL,NULL,NULL,NULL,'2020-05-03 10:23:32',NULL,0,NULL),(25,0,'BB200',NULL,NULL,NULL,NULL,NULL,NULL,NULL,NULL,NULL,NULL,'2020-05-03 10:23:32',NULL,0,NULL),(26,0,'BB200',NULL,NULL,NULL,NULL,NULL,NULL,NULL,NULL,NULL,NULL,'2020-05-03 10:23:32',NULL,0,NULL),(27,0,'BB200',NULL,NULL,NULL,NULL,NULL,NULL,NULL,NULL,NULL,NULL,'2020-05-03 10:23:32',NULL,0,NULL),(28,0,'BB200',NULL,NULL,NULL,NULL,NULL,NULL,NULL,NULL,NULL,NULL,'2020-05-03 10:23:32',NULL,0,NULL),(29,0,'BB200',NULL,NULL,NULL,NULL,NULL,NULL,NULL,NULL,NULL,NULL,'2020-05-03 10:23:32',NULL,0,NULL),(30,0,'BB200',NULL,NULL,NULL,NULL,NULL,NULL,NULL,NULL,NULL,NULL,'2020-05-03 10:23:32',NULL,0,NULL),(31,0,'BB200',NULL,NULL,NULL,NULL,NULL,NULL,NULL,NULL,NULL,NULL,'2020-05-03 10:23:32',NULL,0,NULL),(32,0,'BB200',NULL,NULL,NULL,NULL,NULL,NULL,NULL,NULL,NULL,NULL,'2020-05-03 10:23:32',NULL,0,NULL),(33,0,'BB200',NULL,NULL,NULL,NULL,NULL,NULL,NULL,NULL,NULL,NULL,'2020-05-03 10:23:32',NULL,0,NULL),(433,0,'BB200',NULL,NULL,NULL,NULL,NULL,NULL,NULL,NULL,NULL,NULL,'2020-05-03 10:23:32',NULL,0,NULL),(434,0,'BB200',NULL,NULL,NULL,NULL,NULL,NULL,NULL,NULL,NULL,NULL,'2020-05-03 10:23:32',NULL,0,NULL),(435,0,'BB200',NULL,NULL,NULL,NULL,NULL,NULL,NULL,NULL,NULL,NULL,'2020-05-03 10:23:32',NULL,0,NULL),(436,0,'BB200',NULL,NULL,NULL,NULL,NULL,NULL,NULL,NULL,NULL,NULL,'2020-05-03 10:23:32',NULL,0,NULL),(437,0,'BB200',NULL,NULL,NULL,NULL,NULL,NULL,NULL,NULL,NULL,NULL,'2020-05-03 10:23:32',NULL,0,NULL),(438,0,'BB200',NULL,NULL,NULL,NULL,NULL,NULL,NULL,NULL,NULL,NULL,'2020-05-03 10:23:32',NULL,0,NULL),(439,0,'BB200',NULL,NULL,NULL,NULL,NULL,NULL,NULL,NULL,NULL,NULL,'2020-05-03 10:23:32',NULL,0,NULL),(440,0,'BB200',NULL,NULL,NULL,NULL,NULL,NULL,NULL,NULL,NULL,NULL,'2020-05-03 10:23:32',NULL,0,NULL),(441,0,'BB200',NULL,NULL,NULL,NULL,NULL,NULL,NULL,NULL,NULL,NULL,'2020-05-03 10:23:32',NULL,0,NULL),(442,0,'BB200',NULL,NULL,NULL,NULL,NULL,NULL,NULL,NULL,NULL,NULL,'2020-05-03 10:23:32',NULL,0,NULL),(443,0,'BB200',NULL,NULL,NULL,NULL,NULL,NULL,NULL,NULL,NULL,NULL,'2020-05-03 10:23:32',NULL,0,NULL),(444,0,'BB200',NULL,NULL,NULL,NULL,NULL,NULL,NULL,NULL,NULL,NULL,'2020-05-03 10:23:32',NULL,0,NULL),(445,0,'BB200',NULL,NULL,NULL,NULL,NULL,NULL,NULL,NULL,NULL,NULL,'2020-05-03 10:23:32',NULL,0,NULL),(446,0,'BB200',NULL,NULL,NULL,NULL,NULL,NULL,NULL,NULL,NULL,NULL,'2020-05-03 10:23:32',NULL,0,NULL);
/*!40000 ALTER TABLE `all_track` ENABLE KEYS */;
UNLOCK TABLES;

--
-- Table structure for table `bat_tewa_par`
--

DROP TABLE IF EXISTS `bat_tewa_par`;
/*!40101 SET @saved_cs_client     = @@character_set_client */;
/*!50503 SET character_set_client = utf8mb4 */;
CREATE TABLE `bat_tewa_par` (
  `ID_TEWA_Par` int unsigned NOT NULL AUTO_INCREMENT,
  `MaxInterceptRange` double DEFAULT NULL,
  `MinInterceptRange` double DEFAULT NULL,
  `MaxDistForCloset` double DEFAULT NULL,
  `MissileVelocity` double DEFAULT NULL,
  `MaxAltitude` double DEFAULT NULL,
  `MinAltitude` double DEFAULT NULL,
  `KeepOutBoundaryRange` double DEFAULT NULL,
  `KrewReponseTimeForFire` double DEFAULT NULL,
  `MinInterceptRadialVelocity` double DEFAULT NULL,
  `WeaponsAssignmentCycle` varchar(45) DEFAULT NULL,
  `KConstant` double DEFAULT NULL,
  `WeaponsAssignmentSector` double DEFAULT NULL,
  PRIMARY KEY (`ID_TEWA_Par`)
) ENGINE=InnoDB AUTO_INCREMENT=5 DEFAULT CHARSET=utf8mb4 COLLATE=utf8mb4_0900_ai_ci;
/*!40101 SET character_set_client = @saved_cs_client */;

--
-- Dumping data for table `bat_tewa_par`
--

LOCK TABLES `bat_tewa_par` WRITE;
/*!40000 ALTER TABLE `bat_tewa_par` DISABLE KEYS */;
INSERT INTO `bat_tewa_par` VALUES (1,50,10,22,1440,10,2,4,1.2,60,'cycle1',0.32,3.5),(2,24,2,9,1240,12,3,6,2.4,20,'cycle2',0.47,4.8),(3,56,21,20,2410,13,4,8,3.5,34,'cycle3',0.24,5.2),(4,34,7,12,2234,11,5,9,2.8,56,'cycle4',0.65,2.9);
/*!40000 ALTER TABLE `bat_tewa_par` ENABLE KEYS */;
UNLOCK TABLES;

--
-- Table structure for table `battalion_ad_net`
--

DROP TABLE IF EXISTS `battalion_ad_net`;
/*!40101 SET @saved_cs_client     = @@character_set_client */;
/*!50503 SET character_set_client = utf8mb4 */;
CREATE TABLE `battalion_ad_net` (
  `ID_Bat_Ad_Net` int unsigned NOT NULL AUTO_INCREMENT,
  `Bat_IP` varchar(45) DEFAULT NULL,
  `Bat_LocalPort` int unsigned DEFAULT NULL,
  `Bat_RemotePort` int unsigned DEFAULT NULL,
  `Bat_LinkNumber` tinyint unsigned DEFAULT NULL,
  PRIMARY KEY (`ID_Bat_Ad_Net`),
  UNIQUE KEY `Bat_IP_UNIQUE` (`Bat_IP`)
) ENGINE=InnoDB AUTO_INCREMENT=11 DEFAULT CHARSET=utf8mb4 COLLATE=utf8mb4_0900_ai_ci;
/*!40101 SET character_set_client = @saved_cs_client */;

--
-- Dumping data for table `battalion_ad_net`
--

LOCK TABLES `battalion_ad_net` WRITE;
/*!40000 ALTER TABLE `battalion_ad_net` DISABLE KEYS */;
INSERT INTO `battalion_ad_net` VALUES (1,'192.168.1.1',4252,2222,2),(2,'192.168.1.2',4457,2457,1),(3,'192.168.1.3',2241,2244,3),(4,'192.168.1.4',221,1147,4),(5,'192.168.1.5',1247,2247,2),(6,'192.168.1.6',4257,4412,1),(7,'192.168.1.7',4475,2243,2),(8,'192.168.1.8',2541,1124,4),(9,'192.168.1.9',1245,7785,3),(10,'10.100.100.10',8000,8080,2);
/*!40000 ALTER TABLE `battalion_ad_net` ENABLE KEYS */;
UNLOCK TABLES;

--
-- Table structure for table `battalion_parameter`
--

DROP TABLE IF EXISTS `battalion_parameter`;
/*!40101 SET @saved_cs_client     = @@character_set_client */;
/*!50503 SET character_set_client = utf8mb4 */;
CREATE TABLE `battalion_parameter` (
  `ID_Bat_Par` int unsigned NOT NULL AUTO_INCREMENT,
  `FK_ID_Bat_Type` int unsigned DEFAULT NULL,
  `FK_ID_TEWA_Par` int unsigned DEFAULT NULL,
  `MaxTracks` int unsigned DEFAULT NULL,
  `PPI_Range` int unsigned DEFAULT NULL,
  `LaunchersCount` int unsigned DEFAULT NULL,
  `FireArcR` double DEFAULT NULL,
  `FireArcAzm1` double DEFAULT NULL,
  `FireArcAzm2` double DEFAULT NULL,
  `CoverageArcR` double DEFAULT NULL,
  `CoverageArcAzm1` double DEFAULT NULL,
  `CoverageArcAzm2` double DEFAULT NULL,
  `FarEndFire` double DEFAULT NULL,
  `NearEndDestroy` double DEFAULT NULL,
  `DetectionZoneRadius` double DEFAULT NULL,
  `MissionAllocationZoneRadius` double DEFAULT NULL,
  `Emission1` int DEFAULT NULL,
  `Emission2` int DEFAULT NULL,
  PRIMARY KEY (`ID_Bat_Par`),
  UNIQUE KEY `FK_ID_TEWA_Par_UNIQUE` (`FK_ID_TEWA_Par`),
  UNIQUE KEY `FK_ID_Bat_Type_UNIQUE` (`FK_ID_Bat_Type`),
  KEY `FK_Fire_Unit_idx` (`FK_ID_TEWA_Par`),
  CONSTRAINT `FK_Bat_Type` FOREIGN KEY (`FK_ID_Bat_Type`) REFERENCES `battalion_type` (`ID_Bat_Type`),
  CONSTRAINT `FK_TEWA_Par` FOREIGN KEY (`FK_ID_TEWA_Par`) REFERENCES `bat_tewa_par` (`ID_TEWA_Par`)
) ENGINE=InnoDB AUTO_INCREMENT=5 DEFAULT CHARSET=utf8mb4 COLLATE=utf8mb4_0900_ai_ci;
/*!40101 SET character_set_client = @saved_cs_client */;

--
-- Dumping data for table `battalion_parameter`
--

LOCK TABLES `battalion_parameter` WRITE;
/*!40000 ALTER TABLE `battalion_parameter` DISABLE KEYS */;
INSERT INTO `battalion_parameter` VALUES (1,1,NULL,2,30,78,22.5,30.5,60.63,141,13,22,22,6,55,42,1,2),(2,2,NULL,5,14,4,25.6,72.5,90.54,244,12,55,44,5,22,52,NULL,NULL),(3,3,NULL,6,25,4,44.4,55.4,180,257,44,66,55,4,74,66,NULL,NULL),(4,4,NULL,8,20,6,46.9,44.7,120,254,24,88,88,8,99,55,NULL,NULL);
/*!40000 ALTER TABLE `battalion_parameter` ENABLE KEYS */;
UNLOCK TABLES;

--
-- Table structure for table `battalion_real`
--

DROP TABLE IF EXISTS `battalion_real`;
/*!40101 SET @saved_cs_client     = @@character_set_client */;
/*!50503 SET character_set_client = utf8mb4 */;
CREATE TABLE `battalion_real` (
  `ID_Bat_Real` int unsigned NOT NULL AUTO_INCREMENT,
  `FK_ID_Bat_Par` int unsigned DEFAULT NULL,
  `FK_ID_Bat_Ad_Net` int unsigned DEFAULT NULL,
  `Bat_Name` varchar(45) NOT NULL,
  `Bat_EG_Name` varchar(45) DEFAULT NULL,
  `Bat_Lat` double NOT NULL,
  `Bat_Long` double NOT NULL,
  `Bat_Alt` double DEFAULT NULL,
  `HotMissiles` int unsigned DEFAULT NULL,
  `ColdMissiles` int unsigned DEFAULT NULL,
  `Bat_Link_Status` tinyint unsigned DEFAULT NULL COMMENT 'comunication link status \nconnect or disconnect\nF or N or D\nOn or Off\n',
  `Bat_Alert_Status` tinyint unsigned DEFAULT NULL COMMENT 'اوضاع الاستعداد\n1 or 2 or 3 or 4\n',
  `Bat_Launcher_Status` tinyint unsigned DEFAULT NULL COMMENT '(Free or Tight)',
  `Bat_Availability` tinyint unsigned DEFAULT NULL COMMENT 'status of battalion (Ready or Out) (R or O)',
  `Bat_Amon_Status` tinyint DEFAULT NULL,
  PRIMARY KEY (`ID_Bat_Real`),
  UNIQUE KEY `FK_ID_Bat_Ad_Net_UNIQUE` (`FK_ID_Bat_Ad_Net`),
  KEY `FK_Bat_Ad_Net_idx` (`FK_ID_Bat_Ad_Net`),
  KEY `FK_Bat_Par_idx` (`FK_ID_Bat_Par`),
  CONSTRAINT `FK_Bat_Ad_Net` FOREIGN KEY (`FK_ID_Bat_Ad_Net`) REFERENCES `battalion_ad_net` (`ID_Bat_Ad_Net`),
  CONSTRAINT `FK_Bat_Par` FOREIGN KEY (`FK_ID_Bat_Par`) REFERENCES `battalion_parameter` (`ID_Bat_Par`)
) ENGINE=InnoDB AUTO_INCREMENT=14 DEFAULT CHARSET=utf8mb4 COLLATE=utf8mb4_0900_ai_ci;
/*!40101 SET character_set_client = @saved_cs_client */;

--
-- Dumping data for table `battalion_real`
--

LOCK TABLES `battalion_real` WRITE;
/*!40000 ALTER TABLE `battalion_real` DISABLE KEYS */;
INSERT INTO `battalion_real` VALUES (1,3,2,'BC001','B552',103266,102457,12,5,6,0,1,1,1,NULL),(2,1,1,'BC002','B526',103422,103454,24,4,2,1,2,0,1,NULL),(11,2,3,'BC003','B523',103222,104454,24,6,8,1,1,1,1,NULL),(13,1,5,'BC004','B553',106222,105454,12,9,2,1,1,1,1,NULL);
/*!40000 ALTER TABLE `battalion_real` ENABLE KEYS */;
UNLOCK TABLES;

--
-- Table structure for table `battalion_type`
--

DROP TABLE IF EXISTS `battalion_type`;
/*!40101 SET @saved_cs_client     = @@character_set_client */;
/*!50503 SET character_set_client = utf8mb4 */;
CREATE TABLE `battalion_type` (
  `ID_Bat_Type` int unsigned NOT NULL AUTO_INCREMENT,
  `Bat_Type` varchar(45) NOT NULL,
  `Bat_Icon` varchar(45) DEFAULT NULL,
  PRIMARY KEY (`ID_Bat_Type`)
) ENGINE=InnoDB AUTO_INCREMENT=6 DEFAULT CHARSET=utf8mb4 COLLATE=utf8mb4_0900_ai_ci;
/*!40101 SET character_set_client = @saved_cs_client */;

--
-- Dumping data for table `battalion_type`
--

LOCK TABLES `battalion_type` WRITE;
/*!40000 ALTER TABLE `battalion_type` DISABLE KEYS */;
INSERT INTO `battalion_type` VALUES (1,'Volga',NULL),(2,'Bitchura',NULL),(3,'Amon',NULL),(4,'Hawk',NULL);
/*!40000 ALTER TABLE `battalion_type` ENABLE KEYS */;
UNLOCK TABLES;

--
-- Table structure for table `brigade`
--

DROP TABLE IF EXISTS `brigade`;
/*!40101 SET @saved_cs_client     = @@character_set_client */;
/*!50503 SET character_set_client = utf8mb4 */;
CREATE TABLE `brigade` (
  `ID_Brigade` int unsigned NOT NULL AUTO_INCREMENT,
  `FK_ID_Local_Rad_Type` int unsigned DEFAULT NULL,
  `Brigade_Name` varchar(45) NOT NULL,
  `Brigade_EG_Name` varchar(45) DEFAULT NULL,
  `Brigade_Icon` varchar(45) DEFAULT NULL,
  `Brigade_Lat` double NOT NULL,
  `Brigade_Long` double NOT NULL,
  `Brigade_Alt` double DEFAULT NULL,
  `Local_Rad_Lat` double DEFAULT NULL,
  `Local_Rad_Long` double DEFAULT NULL,
  PRIMARY KEY (`ID_Brigade`),
  KEY `FK_Local_Radar_idx` (`FK_ID_Local_Rad_Type`),
  CONSTRAINT `FK_Local_Radar` FOREIGN KEY (`FK_ID_Local_Rad_Type`) REFERENCES `local_radar_type` (`ID_Local_Rad_Type`)
) ENGINE=InnoDB AUTO_INCREMENT=2 DEFAULT CHARSET=utf8mb4 COLLATE=utf8mb4_0900_ai_ci;
/*!40101 SET character_set_client = @saved_cs_client */;

--
-- Dumping data for table `brigade`
--

LOCK TABLES `brigade` WRITE;
/*!40000 ALTER TABLE `brigade` DISABLE KEYS */;
INSERT INTO `brigade` VALUES (1,2,'BC','B97',NULL,102355,103659,82,102355,103659);
/*!40000 ALTER TABLE `brigade` ENABLE KEYS */;
UNLOCK TABLES;

--
-- Table structure for table `defended_points`
--

DROP TABLE IF EXISTS `defended_points`;
/*!40101 SET @saved_cs_client     = @@character_set_client */;
/*!50503 SET character_set_client = utf8mb4 */;
CREATE TABLE `defended_points` (
  `ID_Defended_Point` int unsigned NOT NULL AUTO_INCREMENT,
  `Defended_Point_Name` varchar(45) NOT NULL,
  `Defended_Point_Priority` tinyint unsigned DEFAULT NULL,
  `Defended_Point_Range` double DEFAULT NULL,
  `Defended_Point_Active` tinyint DEFAULT NULL,
  `Defended_Points_Lat` double DEFAULT NULL,
  `Defended_Point_Long` double DEFAULT NULL,
  `Defended_Point_Alt` double DEFAULT NULL,
  PRIMARY KEY (`ID_Defended_Point`)
) ENGINE=InnoDB AUTO_INCREMENT=3 DEFAULT CHARSET=utf8mb4 COLLATE=utf8mb4_0900_ai_ci;
/*!40101 SET character_set_client = @saved_cs_client */;

--
-- Dumping data for table `defended_points`
--

LOCK TABLES `defended_points` WRITE;
/*!40000 ALTER TABLE `defended_points` DISABLE KEYS */;
INSERT INTO `defended_points` VALUES (1,'point1',1,250,NULL,102365,103212,21.5),(2,'point2',2,300,NULL,103265,103256,30.1);
/*!40000 ALTER TABLE `defended_points` ENABLE KEYS */;
UNLOCK TABLES;

--
-- Table structure for table `highlevel_engagement`
--

DROP TABLE IF EXISTS `highlevel_engagement`;
/*!40101 SET @saved_cs_client     = @@character_set_client */;
/*!50503 SET character_set_client = utf8mb4 */;
CREATE TABLE `highlevel_engagement` (
  `id` int NOT NULL AUTO_INCREMENT,
  `FK_brigade_id` int unsigned DEFAULT NULL,
  `FK_track_id` int unsigned DEFAULT NULL,
  `FK_command_id` int unsigned DEFAULT NULL,
  `FK_command_brigade_reply_id` int unsigned DEFAULT NULL,
  `Direct` varchar(2) NOT NULL DEFAULT '0',
  `Time_Update` datetime NOT NULL DEFAULT CURRENT_TIMESTAMP,
  PRIMARY KEY (`id`),
  UNIQUE KEY `id_UNIQUE` (`id`),
  KEY `FK_brig_id_idx` (`FK_brigade_id`),
  KEY `FK_trk_id_idx` (`FK_track_id`),
  KEY `FK_cmd_id_idx` (`FK_command_id`),
  KEY `FK_cmd_reply_id_idx` (`FK_command_brigade_reply_id`),
  CONSTRAINT `FK_brig_id` FOREIGN KEY (`FK_brigade_id`) REFERENCES `brigade` (`ID_Brigade`),
  CONSTRAINT `FK_cmd_id` FOREIGN KEY (`FK_command_id`) REFERENCES `id_command_fer` (`id`),
  CONSTRAINT `FK_cmd_reply_id` FOREIGN KEY (`FK_command_brigade_reply_id`) REFERENCES `id_command_brigade_reply` (`id`),
  CONSTRAINT `FK_trk_id` FOREIGN KEY (`FK_track_id`) REFERENCES `all_track` (`Serial`)
) ENGINE=InnoDB AUTO_INCREMENT=24 DEFAULT CHARSET=utf8mb4 COLLATE=utf8mb4_0900_ai_ci;
/*!40101 SET character_set_client = @saved_cs_client */;

--
-- Dumping data for table `highlevel_engagement`
--

LOCK TABLES `highlevel_engagement` WRITE;
/*!40000 ALTER TABLE `highlevel_engagement` DISABLE KEYS */;
/*!40000 ALTER TABLE `highlevel_engagement` ENABLE KEYS */;
UNLOCK TABLES;

--
-- Table structure for table `id_command_battalion`
--

DROP TABLE IF EXISTS `id_command_battalion`;
/*!40101 SET @saved_cs_client     = @@character_set_client */;
/*!50503 SET character_set_client = utf8mb4 */;
CREATE TABLE `id_command_battalion` (
  `ID_Comm_Bat` int unsigned NOT NULL AUTO_INCREMENT,
  `Comm_Name` varchar(45) NOT NULL,
  PRIMARY KEY (`ID_Comm_Bat`)
) ENGINE=InnoDB AUTO_INCREMENT=43 DEFAULT CHARSET=utf8mb4 COLLATE=utf8mb4_0900_ai_ci;
/*!40101 SET character_set_client = @saved_cs_client */;

--
-- Dumping data for table `id_command_battalion`
--

LOCK TABLES `id_command_battalion` WRITE;
/*!40000 ALTER TABLE `id_command_battalion` DISABLE KEYS */;
INSERT INTO `id_command_battalion` VALUES (1,'wilco'),(2,'tracking'),(3,'fire'),(4,'broke'),(5,'ineffect'),(6,'partial_effect'),(7,'cantco');
/*!40000 ALTER TABLE `id_command_battalion` ENABLE KEYS */;
UNLOCK TABLES;

--
-- Table structure for table `id_command_battalion_reply`
--

DROP TABLE IF EXISTS `id_command_battalion_reply`;
/*!40101 SET @saved_cs_client     = @@character_set_client */;
/*!50503 SET character_set_client = utf8mb4 */;
CREATE TABLE `id_command_battalion_reply` (
  `id` int NOT NULL AUTO_INCREMENT,
  `command_name` varchar(45) NOT NULL,
  PRIMARY KEY (`id`)
) ENGINE=InnoDB AUTO_INCREMENT=3 DEFAULT CHARSET=utf8mb4 COLLATE=utf8mb4_0900_ai_ci;
/*!40101 SET character_set_client = @saved_cs_client */;

--
-- Dumping data for table `id_command_battalion_reply`
--

LOCK TABLES `id_command_battalion_reply` WRITE;
/*!40000 ALTER TABLE `id_command_battalion_reply` DISABLE KEYS */;
INSERT INTO `id_command_battalion_reply` VALUES (1,'wilco'),(2,'cantco');
/*!40000 ALTER TABLE `id_command_battalion_reply` ENABLE KEYS */;
UNLOCK TABLES;

--
-- Table structure for table `id_command_brigade_reply`
--

DROP TABLE IF EXISTS `id_command_brigade_reply`;
/*!40101 SET @saved_cs_client     = @@character_set_client */;
/*!50503 SET character_set_client = utf8mb4 */;
CREATE TABLE `id_command_brigade_reply` (
  `id` int unsigned NOT NULL AUTO_INCREMENT,
  `command_name` varchar(45) NOT NULL,
  PRIMARY KEY (`id`),
  UNIQUE KEY `command_name_UNIQUE` (`command_name`)
) ENGINE=InnoDB AUTO_INCREMENT=3 DEFAULT CHARSET=utf8mb4 COLLATE=utf8mb4_0900_ai_ci;
/*!40101 SET character_set_client = @saved_cs_client */;

--
-- Dumping data for table `id_command_brigade_reply`
--

LOCK TABLES `id_command_brigade_reply` WRITE;
/*!40000 ALTER TABLE `id_command_brigade_reply` DISABLE KEYS */;
INSERT INTO `id_command_brigade_reply` VALUES (2,'cantco'),(1,'wilco');
/*!40000 ALTER TABLE `id_command_brigade_reply` ENABLE KEYS */;
UNLOCK TABLES;

--
-- Table structure for table `id_command_fer`
--

DROP TABLE IF EXISTS `id_command_fer`;
/*!40101 SET @saved_cs_client     = @@character_set_client */;
/*!50503 SET character_set_client = utf8mb4 */;
CREATE TABLE `id_command_fer` (
  `id` int unsigned NOT NULL AUTO_INCREMENT,
  `command_name` varchar(30) NOT NULL,
  PRIMARY KEY (`id`),
  UNIQUE KEY `id_UNIQUE` (`id`),
  UNIQUE KEY `command_name_UNIQUE` (`command_name`)
) ENGINE=InnoDB AUTO_INCREMENT=7 DEFAULT CHARSET=utf8mb4 COLLATE=utf8mb4_0900_ai_ci;
/*!40101 SET character_set_client = @saved_cs_client */;

--
-- Dumping data for table `id_command_fer`
--

LOCK TABLES `id_command_fer` WRITE;
/*!40000 ALTER TABLE `id_command_fer` DISABLE KEYS */;
INSERT INTO `id_command_fer` VALUES (2,'assign_investigate'),(5,'cease_engage'),(6,'cover'),(1,'engage'),(3,'hold_fire');
/*!40000 ALTER TABLE `id_command_fer` ENABLE KEYS */;
UNLOCK TABLES;

--
-- Table structure for table `id_command_high_level`
--

DROP TABLE IF EXISTS `id_command_high_level`;
/*!40101 SET @saved_cs_client     = @@character_set_client */;
/*!50503 SET character_set_client = utf8mb4 */;
CREATE TABLE `id_command_high_level` (
  `ID_Comm_HL` int unsigned NOT NULL AUTO_INCREMENT,
  `Command_Name` varchar(45) NOT NULL,
  PRIMARY KEY (`ID_Comm_HL`)
) ENGINE=InnoDB AUTO_INCREMENT=7 DEFAULT CHARSET=utf8mb4 COLLATE=utf8mb4_0900_ai_ci;
/*!40101 SET character_set_client = @saved_cs_client */;

--
-- Dumping data for table `id_command_high_level`
--

LOCK TABLES `id_command_high_level` WRITE;
/*!40000 ALTER TABLE `id_command_high_level` DISABLE KEYS */;
INSERT INTO `id_command_high_level` VALUES (1,'assign_investigate'),(2,'engage'),(3,'hold_fire'),(4,'cease_fire'),(5,'cease_engage'),(6,'cover');
/*!40000 ALTER TABLE `id_command_high_level` ENABLE KEYS */;
UNLOCK TABLES;

--
-- Table structure for table `launcher_engagement`
--

DROP TABLE IF EXISTS `launcher_engagement`;
/*!40101 SET @saved_cs_client     = @@character_set_client */;
/*!50503 SET character_set_client = utf8mb4 */;
CREATE TABLE `launcher_engagement` (
  `ID_Launcher_Eng` int unsigned NOT NULL AUTO_INCREMENT,
  `FK_ID_Comm_HL` int unsigned DEFAULT NULL,
  `FK_ID_Comm_Bat` int unsigned DEFAULT NULL,
  `FK_ID_All_Track` int unsigned DEFAULT NULL,
  `FK_ID_Bat_Real` int unsigned DEFAULT NULL,
  `Launcher_Name` varchar(45) NOT NULL DEFAULT 'A',
  `Launcher_Availabilty` tinyint unsigned DEFAULT NULL,
  `HotMissiles` int unsigned DEFAULT NULL,
  `Direct` varchar(2) NOT NULL DEFAULT '0',
  `Time_Update` datetime NOT NULL DEFAULT CURRENT_TIMESTAMP,
  PRIMARY KEY (`ID_Launcher_Eng`),
  KEY `FK_Comm_HL_idx` (`FK_ID_Comm_HL`),
  KEY `FK_Comm_Bat_idx` (`FK_ID_Comm_Bat`),
  KEY `FK_Real_Bat_idx` (`FK_ID_Bat_Real`),
  KEY `FK_All_Track_idx` (`FK_ID_All_Track`),
  CONSTRAINT `FK_All_Track` FOREIGN KEY (`FK_ID_All_Track`) REFERENCES `all_track` (`Serial`),
  CONSTRAINT `FK_Comm_Bat` FOREIGN KEY (`FK_ID_Comm_Bat`) REFERENCES `id_command_battalion` (`ID_Comm_Bat`),
  CONSTRAINT `FK_Comm_HL` FOREIGN KEY (`FK_ID_Comm_HL`) REFERENCES `id_command_high_level` (`ID_Comm_HL`),
  CONSTRAINT `FK_Real_Bat` FOREIGN KEY (`FK_ID_Bat_Real`) REFERENCES `battalion_real` (`ID_Bat_Real`)
) ENGINE=InnoDB AUTO_INCREMENT=171 DEFAULT CHARSET=utf8mb4 COLLATE=utf8mb4_0900_ai_ci;
/*!40101 SET character_set_client = @saved_cs_client */;

--
-- Dumping data for table `launcher_engagement`
--

LOCK TABLES `launcher_engagement` WRITE;
/*!40000 ALTER TABLE `launcher_engagement` DISABLE KEYS */;
INSERT INTO `launcher_engagement` VALUES (169,1,NULL,6,1,'A',NULL,NULL,'1','2021-02-16 12:39:10'),(170,1,NULL,6,2,'A',NULL,NULL,'0','2021-02-16 12:39:55');
/*!40000 ALTER TABLE `launcher_engagement` ENABLE KEYS */;
UNLOCK TABLES;

--
-- Table structure for table `local_radar_type`
--

DROP TABLE IF EXISTS `local_radar_type`;
/*!40101 SET @saved_cs_client     = @@character_set_client */;
/*!50503 SET character_set_client = utf8mb4 */;
CREATE TABLE `local_radar_type` (
  `ID_Local_Rad_Type` int unsigned NOT NULL AUTO_INCREMENT,
  `Local_Rad_Name` varchar(45) NOT NULL,
  `Local_Rad_Type` tinyint DEFAULT NULL,
  `Local_Rad_Icon` varchar(45) DEFAULT NULL,
  `Local_Rad_Max_Rng` double DEFAULT NULL,
  `Local_Rad_Min_Rng` double DEFAULT NULL,
  `Local_Rad_Max_Hgt` double DEFAULT NULL,
  `Local_Rad_Rng_Res` double DEFAULT NULL,
  `Local_Rad_Azm_Res` double DEFAULT NULL,
  `Local_Rad_Elev_Res` double DEFAULT NULL,
  PRIMARY KEY (`ID_Local_Rad_Type`)
) ENGINE=InnoDB AUTO_INCREMENT=8 DEFAULT CHARSET=utf8mb4 COLLATE=utf8mb4_0900_ai_ci;
/*!40101 SET character_set_client = @saved_cs_client */;

--
-- Dumping data for table `local_radar_type`
--

LOCK TABLES `local_radar_type` WRITE;
/*!40000 ALTER TABLE `local_radar_type` DISABLE KEYS */;
INSERT INTO `local_radar_type` VALUES (1,'SPS-48E',3,NULL,463,4.6,30,0.15,1.8,1.6),(2,'TPS-63',2,NULL,350,2,12,0.15,0,0),(3,'YLC-6M',2,NULL,250,0,12,0.15,0,0),(4,'JYL-1',3,NULL,480,3,30,0.15,0,0),(5,'P14',2,NULL,400,2,20,1.6,3.5,0),(6,'P18',2,NULL,380,2,20,1.2,3,NULL),(7,'843-E',1,NULL,400,0,0,0,0,0);
/*!40000 ALTER TABLE `local_radar_type` ENABLE KEYS */;
UNLOCK TABLES;

--
-- Table structure for table `sim_scenarios`
--

DROP TABLE IF EXISTS `sim_scenarios`;
/*!40101 SET @saved_cs_client     = @@character_set_client */;
/*!50503 SET character_set_client = utf8mb4 */;
CREATE TABLE `sim_scenarios` (
  `ID` int NOT NULL AUTO_INCREMENT,
  `ScenarioName` varchar(45) DEFAULT NULL,
  PRIMARY KEY (`ID`),
  KEY `ID` (`ID`) /*!80000 INVISIBLE */
) ENGINE=InnoDB AUTO_INCREMENT=67 DEFAULT CHARSET=utf8mb4 COLLATE=utf8mb4_0900_ai_ci;
/*!40101 SET character_set_client = @saved_cs_client */;

--
-- Dumping data for table `sim_scenarios`
--

LOCK TABLES `sim_scenarios` WRITE;
/*!40000 ALTER TABLE `sim_scenarios` DISABLE KEYS */;
INSERT INTO `sim_scenarios` VALUES (1,'demo1'),(2,'RoutesScenario'),(3,'Demo10'),(4,'Demo100'),(60,'amg'),(61,'NewDemo10'),(62,'jhj'),(63,'Omar'),(64,'try1'),(65,'try2'),(66,'try3');
/*!40000 ALTER TABLE `sim_scenarios` ENABLE KEYS */;
UNLOCK TABLES;

--
-- Table structure for table `sim_track_details`
--

DROP TABLE IF EXISTS `sim_track_details`;
/*!40101 SET @saved_cs_client     = @@character_set_client */;
/*!50503 SET character_set_client = utf8mb4 */;
CREATE TABLE `sim_track_details` (
  `ID` int NOT NULL AUTO_INCREMENT,
  `TrackID` int DEFAULT NULL,
  `LatLong` varchar(45) DEFAULT NULL,
  `Height` float DEFAULT NULL,
  `Velocity` float DEFAULT NULL,
  PRIMARY KEY (`ID`),
  KEY `ID` (`ID`) /*!80000 INVISIBLE */,
  KEY `TrackIDCon` (`TrackID`) /*!80000 INVISIBLE */,
  CONSTRAINT `TrackIDCon` FOREIGN KEY (`TrackID`) REFERENCES `sim_tracks` (`ID`) ON DELETE CASCADE ON UPDATE CASCADE
) ENGINE=InnoDB AUTO_INCREMENT=365 DEFAULT CHARSET=utf8mb4 COLLATE=utf8mb4_0900_ai_ci;
/*!40101 SET character_set_client = @saved_cs_client */;

--
-- Dumping data for table `sim_track_details`
--

LOCK TABLES `sim_track_details` WRITE;
/*!40000 ALTER TABLE `sim_track_details` DISABLE KEYS */;
INSERT INTO `sim_track_details` VALUES (1,1,'30 53 02N 30 20 12E',1,9),(2,1,'28 23 02N 30 41 12E',1,9),(3,2,'30 51 22N 30 11 12E',1,9),(4,2,'28 22 12N 30 32 12E',1,9),(5,3,'30 49 42N 30 04 12E',1,9),(6,3,'28 23 52N 30 23 12E',1,9),(7,4,'30 02 12N 29 00 12E',1,9),(8,4,'29 57 12N 31 29 12E',1,9),(9,5,'29 53 52N 29 03 12E',1,9),(10,5,'29 45 32N 31 27 12E',1,9),(11,6,'30 15 32N 30 54 12E',1,9),(12,6,'28 28 52N 29 25 12E',1,9),(13,7,'28 24 42N 29 33 12E',1,9),(14,7,'30 08 52N 31 03 12E',1,9),(15,8,'31 39 42N 29 24 12E',1,9),(16,8,'30 34 42N 31 02 12E',1,9),(17,9,'31 43 02N 29 30 12E',1,9),(18,9,'30 39 42N 31 03 12E',1,9),(19,10,'30 53 52N 32 28 12E',1,9),(20,10,'30 28 52N 31 34 12E',1,9),(21,11,'30 58 02N 32 26 12E',1,9),(22,11,'30 34 42N 31 33 12E',1,9),(23,12,'29 10 32N 32 37 12E',1,9),(24,12,'30 18 52N 31 23 12E',1,9),(25,13,'29 13 52N 32 46 12E',1,9),(26,13,'30 18 52N 31 32 12E',1,9),(44,35,'36 30 32N 33 30 32E',10,5),(45,35,'34 14 42N 30 11 47E',10,5),(46,35,'34 15 32N 26 21 09E',10,5),(47,35,'35 53 02N 25 29 35E',10,5),(48,36,'35 53 52N 34 45 32E',10,5),(49,36,'34 03 53N 32 37 05E',10,5),(50,36,'33 01 22N 30 30 32E',10,5),(51,36,'32 37 12N 28 28 39E',10,5),(52,36,'35 03 02N 24 40 50E',10,5),(53,37,'30 29 20N 34 11 02E',100,3),(54,37,'29 33 30N 31 31 40E',100,3),(55,37,'29 32 40N 30 12 55E',100,3),(56,37,'29 25 10N 28 07 17E',100,3),(57,37,'28 16 50N 27 19 29E',100,3),(58,38,'29 45 10N 34 26 58E',100,3),(59,38,'28 51 50N 32 07 17E',100,3),(60,38,'28 49 20N 30 49 29E',100,3),(61,38,'28 53 30N 28 51 21E',100,3),(62,38,'27 49 20N 28 10 06E',100,3),(63,39,'30 48 30N 33 21 21E',100,3),(64,39,'29 21 00N 32 03 32E',100,3),(65,39,'28 16 00N 31 37 17E',100,3),(66,39,'26 17 40N 31 11 59E',100,3),(67,39,'26 03 30N 30 24 10E',100,3),(68,40,'32 42 33N 25 04 30E',1,0.01),(69,40,'27 25 54N 22 12 00E',1,0.01),(70,40,'29 14 14N 31 52 19E',1,0.01),(71,41,'34 25 04N 22 01 41E',1,0.01),(72,41,'33 42 33N 32 57 56E',1,0.01),(73,41,'31 21 44N 22 55 08E',1,0.01),(74,41,'31 50 54N 33 39 11E',1,0.01),(75,41,'23 25 54N 34 38 15E',1,0.01),(76,41,'28 16 44N 30 28 53E',1,0.01),(77,41,'25 15 04N 25 18 34E',1,0.01),(78,41,'23 06 44N 23 22 19E',1,0.01),(79,41,'28 44 14N 23 13 53E',1,0.01),(80,41,'29 02 34N 27 17 38E',1,0.01),(81,42,'34 41 44N 23 06 23E',1,0.01),(82,42,'33 25 54N 33 06 22E',1,0.01),(83,42,'30 32 34N 35 01 41E',1,0.01),(84,42,'27 09 14N 33 21 22E',1,0.01),(85,42,'23 56 44N 29 51 23E',1,0.01),(86,42,'22 44 14N 24 46 41E',1,0.01),(87,42,'26 41 44N 21 50 26E',1,0.01),(88,42,'29 39 14N 24 06 23E',1,0.01),(89,42,'32 53 24N 27 27 56E',1,0.01),(90,42,'29 45 04N 29 41 04E',1,0.01),(91,42,'26 38 24N 35 02 37E',1,0.01),(92,43,'33 38 24N 22 00 45E',1,0.01),(93,43,'34 36 43N 27 48 34E',1,0.01),(94,43,'32 32 34N 31 44 49E',1,0.01),(95,43,'32 03 24N 34 43 52E',1,0.01),(96,43,'28 10 04N 35 06 22E',1,0.01),(97,43,'24 56 44N 32 05 26E',1,0.01),(98,43,'28 14 14N 27 45 45E',1,0.01),(99,43,'23 50 54N 22 35 26E',1,0.01),(100,43,'29 03 24N 22 02 38E',1,0.01),(101,44,'33 15 04N 21 53 15E',1,0.01),(102,44,'33 15 04N 28 32 38E',1,0.01),(103,44,'30 28 24N 35 40 07E',1,0.01),(104,44,'26 04 14N 35 43 52E',1,0.01),(105,44,'23 16 44N 32 06 22E',1,0.01),(106,44,'27 26 44N 25 22 19E',1,0.01),(107,44,'34 50 03N 30 56 04E',1,0.01),(108,44,'29 40 54N 31 31 41E',1,0.01),(109,45,'32 56 44N 21 24 11E',1,0.01),(110,45,'34 40 54N 29 33 34E',1,0.01),(111,45,'31 44 14N 35 16 41E',1,0.01),(112,45,'29 00 04N 28 43 53E',1,0.01),(113,45,'24 37 34N 26 37 19E',1,0.01),(114,45,'22 52 34N 22 16 41E',1,0.01),(115,45,'30 23 24N 23 34 30E',1,0.01),(116,45,'32 34 14N 25 56 04E',1,0.01),(117,46,'32 29 13N 21 38 15E',1,0.01),(118,46,'34 19 14N 34 18 34E',1,0.01),(119,46,'27 55 54N 36 14 49E',1,0.01),(120,46,'22 50 04N 33 41 04E',1,0.01),(121,46,'22 16 44N 27 42 00E',1,0.01),(122,46,'30 21 44N 21 57 00E',1,0.01),(123,46,'35 01 44N 28 01 41E',1,0.01),(124,47,'31 55 54N 21 51 23E',1,0.01),(125,47,'32 50 54N 35 15 45E',1,0.01),(126,47,'22 58 24N 35 08 15E',1,0.01),(127,47,'22 15 04N 22 00 45E',1,0.01),(128,47,'29 31 44N 28 31 41E',1,0.01),(129,47,'31 13 24N 21 39 11E',1,0.01),(130,47,'24 07 34N 36 07 19E',1,0.01),(131,48,'31 37 34N 22 02 38E',1,0.01),(132,48,'29 18 24N 31 40 08E',1,0.01),(133,48,'25 46 44N 30 05 26E',1,0.01),(134,48,'23 38 24N 35 42 56E',1,0.01),(135,48,'23 30 04N 21 40 08E',1,0.01),(136,48,'27 59 14N 24 41 04E',1,0.01),(137,49,'23 02 34N 21 27 00E',1,0.01),(138,49,'34 57 33N 29 32 38E',1,0.01),(139,49,'29 48 24N 33 09 11E',1,0.01),(140,49,'26 05 04N 28 28 53E',1,0.01),(141,49,'22 48 24N 35 44 49E',1,0.01),(142,49,'22 40 04N 23 38 15E',1,0.01),(143,49,'28 10 54N 21 41 04E',1,0.01),(144,50,'29 25 54N 21 29 49E',1,0.01),(145,50,'30 15 04N 32 56 04E',1,0.01),(146,50,'27 13 24N 34 43 52E',1,0.01),(147,50,'24 30 04N 28 12 00E',1,0.01),(148,50,'25 08 24N 21 53 15E',1,0.01),(149,50,'34 45 54N 33 45 45E',1,0.01),(150,51,'34 07 34N 22 07 19E',1,0.01),(151,51,'30 55 04N 35 03 34E',1,0.01),(152,51,'26 51 44N 35 20 26E',1,0.01),(153,51,'23 12 34N 34 08 15E',1,0.01),(154,51,'22 57 34N 28 13 53E',1,0.01),(155,51,'24 10 04N 21 57 00E',1,0.01),(156,51,'30 36 44N 26 12 00E',1,0.01),(157,51,'33 22 34N 32 21 22E',1,0.01),(158,51,'29 49 14N 35 50 26E',1,0.01),(159,51,'25 15 54N 31 52 19E',1,0.01),(160,51,'29 12 34N 21 49 30E',1,0.01),(161,52,'33 10 54N 21 49 30E',1,0.01),(162,52,'34 25 54N 28 40 08E',1,0.01),(163,52,'25 09 14N 28 56 04E',1,0.01),(164,52,'24 20 54N 36 05 26E',1,0.01),(165,52,'34 08 24N 34 08 15E',1,0.01),(166,52,'25 32 34N 24 26 04E',1,0.01),(167,52,'22 22 34N 31 10 08E',1,0.01),(168,52,'22 44 14N 23 41 04E',1,0.01),(169,52,'29 40 54N 23 27 56E',1,0.01),(170,53,'32 39 14N 22 08 15E',1,0.01),(171,53,'34 17 34N 34 47 37E',1,0.01),(172,53,'28 26 44N 36 27 00E',1,0.01),(173,53,'29 21 44N 22 19 30E',1,0.01),(174,53,'23 03 24N 22 18 34E',1,0.01),(175,53,'23 00 04N 35 14 49E',1,0.01),(176,53,'32 22 34N 31 02 38E',1,0.01),(177,53,'30 46 44N 22 09 11E',1,0.01),(178,54,'34 40 04N 22 39 11E',1,0.01),(179,54,'23 46 44N 29 36 23E',1,0.01),(180,54,'26 34 14N 36 13 52E',1,0.01),(181,54,'31 54 14N 36 06 22E',1,0.01),(182,54,'34 46 44N 30 50 26E',1,0.01),(183,54,'29 46 44N 27 00 45E',1,0.01),(184,54,'27 31 44N 31 12 56E',1,0.01),(185,54,'29 56 44N 34 04 30E',1,0.01),(186,55,'34 35 54N 24 16 41E',1,0.01),(187,55,'24 08 24N 24 12 56E',1,0.01),(188,55,'22 38 24N 34 50 26E',1,0.01),(189,55,'30 39 14N 34 00 45E',1,0.01),(190,55,'34 48 24N 29 06 23E',1,0.01),(191,55,'27 40 54N 28 12 56E',1,0.01),(192,55,'25 48 24N 26 42 56E',1,0.01),(193,56,'34 18 24N 22 06 23E',1,0.1),(194,56,'33 22 34N 35 18 34E',1,0.1),(195,56,'27 43 24N 35 49 30E',1,0.1),(196,56,'23 53 24N 34 29 49E',1,0.1),(197,56,'23 23 24N 28 12 00E',1,0.1),(198,56,'24 45 04N 23 24 11E',1,0.1),(199,56,'31 35 54N 24 39 11E',1,0.1),(200,56,'32 57 33N 31 35 26E',1,0.1),(201,56,'28 50 04N 34 36 22E',1,0.1),(202,56,'25 15 54N 32 19 30E',1,0.1),(203,56,'25 54 14N 27 12 56E',1,0.1),(204,57,'33 31 44N 22 31 41E',1,0.1),(205,57,'32 52 34N 33 17 37E',1,0.1),(206,57,'27 34 14N 35 15 45E',1,0.1),(207,57,'22 50 54N 32 57 56E',1,0.1),(208,57,'23 23 24N 23 19 30E',1,0.1),(209,57,'28 34 14N 22 42 00E',1,0.1),(210,57,'31 50 04N 29 56 04E',1,0.1),(211,57,'28 20 54N 32 54 11E',1,0.1),(212,57,'24 30 04N 28 48 34E',1,0.1),(213,57,'25 39 14N 21 59 49E',1,0.1),(214,58,'33 04 14N 22 10 08E',1,0.1),(215,58,'31 55 54N 31 42 00E',1,0.1),(216,58,'27 33 24N 34 23 15E',1,0.1),(217,58,'24 10 04N 31 18 34E',1,0.1),(218,58,'22 26 44N 27 24 11E',1,0.1),(219,58,'26 41 44N 22 33 34E',1,0.1),(220,58,'30 38 24N 21 59 49E',1,0.1),(221,58,'31 36 44N 27 25 08E',1,0.1),(222,58,'28 40 04N 30 09 11E',1,0.1),(223,58,'25 33 24N 26 48 34E',1,0.1),(224,59,'34 55 54N 22 38 15E',1,0.1),(225,59,'32 23 24N 32 36 22E',1,0.1),(226,59,'30 05 04N 29 35 26E',1,0.1),(227,59,'26 38 24N 35 45 45E',1,0.1),(228,59,'22 34 14N 30 20 26E',1,0.1),(229,59,'25 21 44N 22 06 23E',1,0.1),(230,59,'30 09 14N 24 09 11E',1,0.1),(231,59,'32 40 54N 27 47 38E',1,0.1),(232,59,'26 52 34N 32 23 15E',1,0.1),(233,60,'35 06 43N 23 33 34E',1,0.1),(234,60,'34 21 43N 32 44 49E',1,0.1),(235,60,'31 13 24N 34 27 56E',1,0.1),(236,60,'24 18 24N 35 45 45E',1,0.1),(237,60,'22 27 34N 29 09 11E',1,0.1),(238,60,'27 28 24N 25 00 45E',1,0.1),(239,60,'31 42 34N 22 27 00E',1,0.1),(240,60,'34 10 54N 29 11 04E',1,0.1),(241,60,'31 05 54N 33 27 56E',1,0.1),(242,60,'28 01 44N 27 03 34E',1,0.1),(243,61,'34 49 14N 21 30 45E',1,0.1),(244,61,'34 17 34N 28 51 23E',1,0.1),(245,61,'32 28 24N 34 06 22E',1,0.1),(246,61,'29 15 04N 35 40 07E',1,0.1),(247,61,'25 14 14N 34 43 52E',1,0.1),(248,61,'23 41 44N 31 31 41E',1,0.1),(249,61,'23 21 44N 26 15 45E',1,0.1),(250,61,'24 05 54N 23 15 45E',1,0.1),(251,61,'29 35 54N 22 18 34E',1,0.1),(252,61,'33 15 04N 24 33 34E',1,0.1),(253,61,'32 25 54N 29 57 56E',1,0.1),(254,61,'30 12 34N 33 29 49E',1,0.1),(255,61,'26 51 44N 33 04 30E',1,0.1),(256,61,'25 47 34N 28 46 41E',1,0.1),(257,61,'27 24 14N 25 07 19E',1,0.1),(258,61,'30 42 34N 25 21 23E',1,0.1),(259,61,'28 50 04N 30 05 26E',1,0.1),(260,62,'34 10 54N 21 42 00E',1,0.1),(261,62,'34 05 03N 25 59 49E',1,0.1),(262,62,'32 20 03N 32 06 22E',1,0.1),(263,62,'29 46 44N 34 12 00E',1,0.1),(264,62,'25 24 14N 35 36 22E',1,0.1),(265,62,'22 44 14N 34 06 22E',1,0.1),(266,62,'22 45 54N 28 04 30E',1,0.1),(267,62,'24 20 04N 22 01 41E',1,0.1),(268,62,'27 48 24N 21 45 45E',1,0.1),(269,62,'29 08 24N 25 38 15E',1,0.1),(270,62,'31 40 54N 27 46 41E',1,0.1),(271,62,'29 25 54N 32 37 19E',1,0.1),(272,63,'33 40 54N 21 27 00E',1,0.1),(273,63,'33 20 54N 26 43 53E',1,0.1),(274,63,'32 05 54N 29 38 15E',1,0.1),(275,63,'30 45 04N 31 58 53E',1,0.1),(276,63,'29 21 44N 33 52 19E',1,0.1),(277,63,'25 42 34N 31 56 04E',1,0.1),(278,63,'23 36 44N 32 39 11E',1,0.1),(279,63,'24 54 14N 26 12 00E',1,0.1),(280,63,'28 55 54N 23 27 00E',1,0.1),(281,63,'31 30 54N 22 19 30E',1,0.1),(282,63,'34 23 24N 31 11 04E',1,0.1),(283,63,'33 39 14N 34 02 37E',1,0.1),(284,64,'33 12 33N 21 39 11E',1,0.1),(285,64,'32 16 44N 26 16 41E',1,0.1),(286,64,'31 00 54N 30 33 34E',1,0.1),(287,64,'30 06 44N 35 45 45E',1,0.1),(288,64,'28 00 54N 34 27 56E',1,0.1),(289,64,'24 47 34N 35 02 37E',1,0.1),(290,64,'23 15 04N 31 35 26E',1,0.1),(291,64,'22 16 44N 28 42 56E',1,0.1),(292,64,'22 41 44N 23 15 45E',1,0.1),(293,64,'28 31 44N 21 17 38E',1,0.1),(294,64,'30 37 34N 23 50 26E',1,0.1),(295,64,'30 11 44N 28 56 04E',1,0.1),(296,64,'28 20 54N 31 34 30E',1,0.1),(297,64,'25 07 34N 29 42 56E',1,0.1),(298,64,'24 00 04N 25 44 49E',1,0.1),(299,65,'32 28 24N 21 32 38E',1,0.1),(300,65,'34 55 04N 29 44 49E',1,0.1),(301,65,'32 59 13N 33 29 49E',1,0.1),(302,65,'28 27 34N 35 52 19E',1,0.1),(303,65,'23 55 04N 35 44 49E',1,0.1),(304,65,'23 00 54N 29 57 56E',1,0.1),(305,65,'22 07 34N 24 30 45E',1,0.1),(306,65,'26 00 54N 23 57 00E',1,0.1),(307,65,'31 10 04N 25 52 19E',1,0.1),(308,65,'33 27 33N 29 36 23E',1,0.1),(309,65,'31 59 14N 33 00 45E',1,0.1),(310,65,'27 00 54N 33 56 04E',1,0.1),(311,65,'24 24 14N 30 43 53E',1,0.1),(312,66,'31 50 54N 21 38 15E',1,0.1),(313,66,'35 00 54N 27 25 08E',1,0.1),(314,66,'32 30 54N 29 32 38E',1,0.1),(315,66,'34 48 24N 32 51 22E',1,0.1),(316,66,'31 36 44N 35 16 41E',1,0.1),(317,66,'28 52 34N 33 53 15E',1,0.1),(318,66,'26 03 24N 36 11 04E',1,0.1),(319,66,'23 08 24N 33 42 00E',1,0.1),(320,66,'25 26 44N 29 01 41E',1,0.1),(321,66,'23 14 14N 26 23 15E',1,0.1),(322,66,'24 54 14N 23 36 23E',1,0.1),(323,66,'30 42 34N 27 53 15E',1,0.1),(324,66,'27 28 24N 27 27 56E',1,0.1),(325,66,'27 45 54N 30 13 53E',1,0.1),(326,66,'32 01 44N 32 54 11E',1,0.1),(327,67,'31 22 34N 21 41 04E',1,0.1),(328,67,'32 17 34N 26 52 19E',1,0.1),(329,67,'34 45 04N 30 54 11E',1,0.1),(330,67,'32 52 34N 34 57 56E',1,0.1),(331,67,'30 33 24N 36 03 34E',1,0.1),(332,67,'28 00 54N 36 13 52E',1,0.1),(333,67,'25 31 44N 35 17 37E',1,0.1),(334,67,'22 28 24N 33 30 45E',1,0.1),(335,67,'23 29 14N 30 34 30E',1,0.1),(336,67,'23 07 34N 28 47 38E',1,0.1),(337,67,'26 02 34N 26 42 00E',1,0.1),(338,67,'28 58 24N 24 40 08E',1,0.1),(339,67,'31 26 44N 30 14 49E',1,0.1),(340,67,'29 31 44N 32 29 49E',1,0.1),(341,67,'27 47 34N 29 31 41E',1,0.1),(342,68,'34 28 24N 21 55 08E',1,0.1),(343,68,'34 21 43N 35 19 30E',1,0.1),(344,68,'30 23 24N 21 35 26E',1,0.1),(345,68,'28 28 24N 35 55 07E',1,0.1),(346,68,'27 00 54N 23 00 45E',1,0.1),(347,68,'25 45 04N 34 57 00E',1,0.1),(348,68,'23 13 24N 22 23 15E',1,0.1),(349,68,'23 10 04N 35 42 00E',1,0.1),(350,69,'30 55 54N 21 33 34E',1,0.1),(351,69,'35 03 24N 28 42 00E',1,0.1),(352,69,'31 47 34N 33 51 22E',1,0.1),(353,69,'27 04 14N 30 04 30E',1,0.1),(354,69,'24 05 04N 36 03 34E',1,0.1),(355,69,'22 24 14N 31 04 30E',1,0.1),(356,69,'25 47 34N 25 19 30E',1,0.1),(357,69,'28 58 24N 26 21 23E',1,0.1),(358,69,'31 58 24N 28 51 23E',1,0.1),(359,69,'30 05 04N 30 08 15E',1,0.1),(360,69,'27 11 44N 29 46 41E',1,0.1),(361,70,'22 33 24N 21 40 08E',1,0.1),(362,70,'34 42 33N 25 57 00E',1,0.1),(363,70,'22 28 24N 30 15 45E',1,0.1),(364,70,'34 41 44N 35 22 19E',1,0.1);
/*!40000 ALTER TABLE `sim_track_details` ENABLE KEYS */;
UNLOCK TABLES;

--
-- Table structure for table `sim_tracks`
--

DROP TABLE IF EXISTS `sim_tracks`;
/*!40101 SET @saved_cs_client     = @@character_set_client */;
/*!50503 SET character_set_client = utf8mb4 */;
CREATE TABLE `sim_tracks` (
  `ID` int NOT NULL AUTO_INCREMENT,
  `ScenarioID` int DEFAULT NULL,
  `TrackColor` varchar(45) DEFAULT NULL,
  `TimeOfAppearance` int DEFAULT NULL,
  PRIMARY KEY (`ID`),
  KEY `ID` (`ID`) /*!80000 INVISIBLE */,
  KEY `ScenarioIDCon` (`ScenarioID`),
  CONSTRAINT `ScenarioIDCon` FOREIGN KEY (`ScenarioID`) REFERENCES `sim_scenarios` (`ID`) ON DELETE CASCADE ON UPDATE CASCADE
) ENGINE=InnoDB AUTO_INCREMENT=71 DEFAULT CHARSET=utf8mb4 COLLATE=utf8mb4_0900_ai_ci;
/*!40101 SET character_set_client = @saved_cs_client */;

--
-- Dumping data for table `sim_tracks`
--

LOCK TABLES `sim_tracks` WRITE;
/*!40000 ALTER TABLE `sim_tracks` DISABLE KEYS */;
INSERT INTO `sim_tracks` VALUES (1,1,'Blue',0),(2,1,'BlueViolet',0),(3,1,'Brown',0),(4,1,'BurlyWood',0),(5,1,'CadetBlue',0),(6,1,'Chartreuse',0),(7,1,'Chocolate',0),(8,1,'Coral',0),(9,1,'CornflowerBlue',0),(10,1,'Cornsilk',0),(11,1,'Crimson',0),(12,1,'Cyan',0),(13,1,'DarkBlue',0),(14,2,'Blue',0),(15,2,'BlueViolet',0),(16,2,'Brown',0),(17,2,'BurlyWood',0),(18,2,'CadetBlue',0),(19,2,'Chartreuse',0),(20,2,'Chocolate',0),(21,2,'Coral',0),(22,2,'CornflowerBlue',0),(23,2,'Cornsilk',0),(24,2,'Crimson',0),(25,2,'Cyan',0),(26,2,'DarkBlue',0),(35,60,'Blue',0),(36,60,'BlueViolet',0),(37,61,'Blue',0),(38,61,'BlueViolet',0),(39,61,'Brown',0),(40,62,'Blue',0),(41,63,'Blue',0),(42,63,'BlueViolet',0),(43,63,'Brown',0),(44,63,'BurlyWood',0),(45,63,'CadetBlue',0),(46,63,'Chartreuse',0),(47,63,'Chocolate',0),(48,63,'Coral',0),(49,63,'CornflowerBlue',0),(50,63,'Cornsilk',0),(51,64,'Blue',0),(52,64,'BlueViolet',0),(53,64,'Brown',0),(54,64,'BurlyWood',0),(55,64,'CadetBlue',0),(56,65,'Blue',0),(57,65,'BlueViolet',0),(58,65,'Brown',0),(59,65,'BurlyWood',0),(60,65,'CadetBlue',0),(61,66,'Blue',0),(62,66,'BlueViolet',0),(63,66,'Brown',0),(64,66,'BurlyWood',0),(65,66,'CadetBlue',0),(66,66,'Chartreuse',0),(67,66,'Chocolate',0),(68,66,'Coral',0),(69,66,'CornflowerBlue',0),(70,66,'Cornsilk',0);
/*!40000 ALTER TABLE `sim_tracks` ENABLE KEYS */;
UNLOCK TABLES;

--
-- Table structure for table `system_mode`
--

DROP TABLE IF EXISTS `system_mode`;
/*!40101 SET @saved_cs_client     = @@character_set_client */;
/*!50503 SET character_set_client = utf8mb4 */;
CREATE TABLE `system_mode` (
  `id` int NOT NULL AUTO_INCREMENT,
  `assign` int DEFAULT '0' COMMENT '0 : Manual \n1: Auto\n2: Semi',
  `weapons` int DEFAULT '0' COMMENT '0: Free\\n1: Tight',
  `defcon` int DEFAULT '0' COMMENT '0: Daily\\n1: Increase\\n2: Extreme',
  `alert` int DEFAULT '0',
  `centralization` int DEFAULT '0' COMMENT '0: Central\n1: Decentral',
  `air_raid_warning` int DEFAULT '0',
  `system_recording` tinyint(1) DEFAULT '0',
  `raid_recording` tinyint(1) DEFAULT '0',
  `raid_name` varchar(20) DEFAULT NULL,
  `simulation` tinyint(1) DEFAULT '0',
  `simulation_name` varchar(20) DEFAULT NULL,
  PRIMARY KEY (`id`)
) ENGINE=InnoDB AUTO_INCREMENT=3 DEFAULT CHARSET=utf8mb4 COLLATE=utf8mb4_0900_ai_ci;
/*!40101 SET character_set_client = @saved_cs_client */;

--
-- Dumping data for table `system_mode`
--

LOCK TABLES `system_mode` WRITE;
/*!40000 ALTER TABLE `system_mode` DISABLE KEYS */;
INSERT INTO `system_mode` VALUES (1,1,1,2,0,1,0,0,0,'raid3',0,'sim80');
/*!40000 ALTER TABLE `system_mode` ENABLE KEYS */;
UNLOCK TABLES;

--
-- Table structure for table `track_776`
--

DROP TABLE IF EXISTS `track_776`;
/*!40101 SET @saved_cs_client     = @@character_set_client */;
/*!50503 SET character_set_client = utf8mb4 */;
CREATE TABLE `track_776` (
  `Serial` int unsigned NOT NULL AUTO_INCREMENT,
  `valid` smallint unsigned DEFAULT NULL,
  `TRK_No` varchar(5) DEFAULT NULL COMMENT 'ex: AB001',
  `ID` smallint unsigned DEFAULT NULL COMMENT '0 -> 7 ex: F,U,H...',
  `TQ` smallint unsigned DEFAULT NULL COMMENT '0 -> 7 ',
  `XVelocity` float DEFAULT NULL COMMENT 'Feet / Sec',
  `YVelocity` float DEFAULT NULL COMMENT 'Feet / Sec',
  `Speed` float DEFAULT NULL COMMENT 'Feet / Sec',
  `Range` float DEFAULT NULL COMMENT 'Feet / Sec',
  `Azm` int unsigned DEFAULT NULL COMMENT 'Degree from true north',
  `Alt` int unsigned DEFAULT NULL COMMENT 'Feet',
  `TRK_LatY` float DEFAULT NULL COMMENT 'in Seconds',
  `TRK_LongX` float DEFAULT NULL COMMENT 'in Seconds',
  `TRK_Size` smallint unsigned DEFAULT NULL COMMENT '0 -> 7',
  `MTN` varchar(10) DEFAULT NULL COMMENT 'Air defince identification',
  `Cat` bit(1) DEFAULT NULL COMMENT 'Air / Surface',
  `SL` bit(1) DEFAULT NULL COMMENT 'Simulate / Live',
  `IFF_Status` smallint unsigned DEFAULT NULL COMMENT 'Response / invistigate / reply',
  `TRK_Time` timestamp NOT NULL DEFAULT CURRENT_TIMESTAMP ON UPDATE CURRENT_TIMESTAMP,
  PRIMARY KEY (`Serial`)
) ENGINE=InnoDB AUTO_INCREMENT=401 DEFAULT CHARSET=utf8;
/*!40101 SET character_set_client = @saved_cs_client */;

--
-- Dumping data for table `track_776`
--

LOCK TABLES `track_776` WRITE;
/*!40000 ALTER TABLE `track_776` DISABLE KEYS */;
INSERT INTO `track_776` VALUES (1,1,'DB436',0,7,-138,101,1815.39,389.155,NULL,30700,112960,106794,1,'906',NULL,_binary '\0',NULL,'2021-01-24 07:17:53'),(2,1,'DB453',0,7,250,107,0,0,NULL,29400,106506,128341,1,'923',NULL,_binary '\0',NULL,'2021-01-24 07:17:55'),(3,1,'DD550',0,7,-40,4,0,0,NULL,19600,104302,90241.4,1,'1227',NULL,_binary '\0',NULL,'2021-01-24 07:17:54'),(4,1,'CE337',0,7,-35,223,0,0,NULL,39000,110650,112533,1,'991',NULL,_binary '\0',NULL,'2021-01-24 07:17:54'),(5,1,'DB463',0,7,12,55,0,0,NULL,11400,101619,121075,1,'985',NULL,_binary '\0',NULL,'2021-01-24 07:17:55'),(6,1,'DB437',0,7,-170,151,0,0,NULL,33000,114122,105948,1,'995',NULL,_binary '\0',NULL,'2021-01-24 07:17:54'),(7,1,'BE655',0,7,-151,141,0,0,NULL,34000,95998.1,127490,1,'917',NULL,_binary '\0',NULL,'2021-01-24 07:17:55'),(8,1,'DE433',0,7,-43,258,0,0,NULL,36000,110400,112574,1,'916',NULL,_binary '\0',NULL,'2021-01-24 07:17:45'),(9,1,'DB467',0,7,-23,38,0,0,NULL,500,102611,118809,1,'985',NULL,_binary '\0',NULL,'2021-01-24 07:17:55'),(10,1,'DB447',0,7,-153,51,0,0,NULL,27300,107310,114494,1,'903',NULL,_binary '\0',NULL,'2021-01-24 07:18:01'),(11,1,'DC100',0,1,0,0,0,0,NULL,0,110370,107167,1,'0',NULL,_binary '\0',NULL,'2021-01-24 07:18:01'),(12,1,'DE432',0,6,-14,229,0,0,NULL,36000,117590,111397,1,'907',NULL,_binary '\0',NULL,'2021-01-24 07:17:54'),(13,1,'CE340',0,7,-74,217,0,0,NULL,32000,93520.1,109385,1,'933',NULL,_binary '\0',NULL,'2021-01-24 07:18:01'),(14,1,'BB444',0,7,76,24,0,0,NULL,0,111173,122395,1,'1124',NULL,_binary '\0',NULL,'2021-01-24 07:17:54'),(15,1,'BE654',3,1,2,200,0,0,NULL,41600,101723,131996,1,'636',NULL,_binary '\0',NULL,'2021-01-24 07:17:55'),(16,1,'BB442',0,7,18,-211,0,0,NULL,45000,114548,111852,1,'937',NULL,_binary '\0',NULL,'2021-01-24 07:17:35'),(17,1,'DB444',0,7,-12,-121,0,0,NULL,15000,96982,111714,1,'909',NULL,_binary '\0',NULL,'2021-01-24 07:18:00'),(18,1,'DB460',0,7,142,-201,0,0,NULL,0,99218.9,120614,1,'928',NULL,_binary '\0',NULL,'2021-01-24 07:17:43'),(19,1,'CE341',0,7,-64,226,0,0,NULL,30000,91638.1,110089,1,'934',NULL,_binary '\0',NULL,'2021-01-24 07:18:02'),(20,1,'DD561',0,7,-225,-51,0,0,NULL,4900,105114,94458.2,2,'1233',NULL,_binary '\0',NULL,'2021-01-24 07:17:54'),(21,1,'DB455',0,7,283,86,0,0,NULL,34300,106470,128735,1,'924',NULL,_binary '\0',NULL,'2021-01-24 07:18:01'),(22,1,'DB445',0,7,-173,197,0,0,NULL,29100,117353,115704,1,'998',NULL,_binary '\0',NULL,'2021-01-24 07:17:54'),(23,1,'DB461',0,7,-160,119,0,0,NULL,35500,114063,105104,1,'931',NULL,_binary '\0',NULL,'2021-01-24 07:17:56'),(24,1,'DD554',0,7,184,-192,0,0,NULL,38600,109392,105104,1,'911',NULL,_binary '\0',NULL,'2021-01-24 07:18:01'),(25,1,'DB465',0,4,-29,-37,0,0,NULL,1100,101542,121303,1,'985',NULL,_binary '\0',NULL,'2021-01-24 07:17:53'),(26,1,'DD564',0,2,0,0,0,0,NULL,0,111513,98639.5,1,'1219',NULL,_binary '\0',NULL,'2021-01-24 07:17:56'),(27,1,'BB445',0,7,15,-212,0,0,NULL,0,118618,111477,1,'912',NULL,_binary '\0',NULL,'2021-01-24 07:18:02'),(28,1,'DB466',0,7,-206,-24,0,0,NULL,34000,104698,128710,1,'926',NULL,_binary '\0',NULL,'2021-01-24 07:17:42'),(29,1,'BB446',0,7,71,-17,0,0,NULL,0,113227,113472,1,'915',NULL,_binary '\0',NULL,'2021-01-24 07:17:42'),(30,1,'BE653',0,7,-195,74,0,0,NULL,39400,97846.7,121560,1,'919',NULL,_binary '\0',NULL,'2021-01-24 07:17:42'),(31,1,'BE656',0,7,277,36,0,0,NULL,15000,93232.1,123184,1,'932',NULL,_binary '\0',NULL,'2021-01-24 07:17:54'),(32,1,'DC075',0,7,71,3,0,0,NULL,4800,112481,111113,1,'915',NULL,_binary '\0',NULL,'2021-01-24 07:17:55'),(33,1,'DE430',0,7,-161,136,0,0,NULL,38000,115911,102200,1,'997',NULL,_binary '\0',NULL,'2021-01-24 07:17:55'),(34,1,'BB443',0,7,119,-227,0,0,NULL,35000,110974,120569,1,'913',NULL,_binary '\0',NULL,'2021-01-24 07:17:56'),(35,1,'BD566',0,7,-157,-124,0,0,NULL,10600,104298,113784,2,'1460',NULL,_binary '\0',NULL,'2021-01-24 07:17:54'),(36,1,'DB452',0,4,-167,128,0,0,NULL,35600,116595,100981,1,'922',NULL,_binary '\0',NULL,'2021-01-24 07:17:55'),(37,1,'DB442',0,7,-173,135,0,0,NULL,35000,111814,108560,1,'994',NULL,_binary '\0',NULL,'2021-01-24 07:18:00'),(38,1,'DC076',5,3,-216,71,0,0,NULL,16800,111322,107960,2,'1474',NULL,_binary '\0',NULL,'2021-01-24 07:18:00'),(39,1,'BB436',0,7,29,-233,0,0,NULL,37100,108030,113164,1,'920',NULL,_binary '\0',NULL,'2021-01-24 07:18:00'),(40,1,'BB441',0,7,24,-204,0,0,NULL,37000,112163,112170,1,'914',NULL,_binary '\0',NULL,'2021-01-24 07:17:55'),(41,1,'DD560',0,7,146,-143,0,0,NULL,30500,114913,98122.1,1,'930',NULL,_binary '\0',NULL,'2021-01-24 07:18:01'),(42,1,'DB446',0,1,-7,46,0,0,NULL,4400,101809,121487,1,'985',NULL,_binary '\0',NULL,'2021-01-24 07:17:55'),(43,1,'BE652',0,7,-78,219,0,0,NULL,37700,101180,121475,1,'918',NULL,_binary '\0',NULL,'2021-01-24 07:17:44'),(44,1,'DB473',0,7,104,85,0,0,NULL,4000,108957,113833,1,'1007',NULL,_binary '\0',NULL,'2021-01-24 07:17:35'),(45,1,'DC077',0,5,0,0,0,0,NULL,0,110913,110629,1,'0',NULL,_binary '\0',NULL,'2021-01-24 07:17:32'),(46,1,'DB454',0,7,255,-96,0,0,NULL,37000,94923,129547,1,'925',NULL,_binary '\0',NULL,'2021-01-24 07:18:01'),(47,0,'DB446',0,7,-80,-12,0,0,NULL,4400,101528,121518,1,'985',NULL,_binary '\0',NULL,'2021-01-24 07:17:02'),(48,0,'BB436',0,7,41,-233,0,0,NULL,37100,110120,112680,1,'920',NULL,_binary '\0',NULL,'2021-01-24 07:14:54'),(49,0,'DE072',0,7,-85,129,0,0,NULL,40900,106192,116220,1,'933',NULL,_binary '\0',NULL,'2020-12-27 00:33:28'),(50,0,'CE441',0,7,-66,225,0,0,NULL,34000,102537,105959,1,'922',NULL,_binary '\0',NULL,'2020-12-27 00:33:29'),(51,0,'DD077',0,7,195,-167,0,0,NULL,32800,112009,102100,1,'940',NULL,_binary '\0',NULL,'2020-12-27 00:15:59'),(52,0,'BD055',0,7,19,-230,0,0,NULL,37000,115284,111410,1,'956',NULL,_binary '\0',NULL,'2020-12-26 16:41:55'),(53,0,'DB176',0,7,-167,179,0,0,NULL,34400,109531,111707,1,'951',NULL,_binary '\0',NULL,'2020-12-26 16:41:55'),(54,0,'DC104',0,7,130,-169,0,0,NULL,41000,111466,112443,1,'946',NULL,_binary '\0',NULL,'2020-12-26 16:39:43'),(55,0,'BD042',0,7,57,-243,0,0,NULL,36200,98509.2,116233,1,'953',NULL,_binary '\0',NULL,'2020-12-26 16:37:33'),(56,0,'CE416',0,7,-90,205,0,0,NULL,0,120435,97817.3,1,'907',NULL,_binary '\0',NULL,'2020-12-26 16:37:38'),(57,0,'BE124',0,7,-37,112,0,0,NULL,0,93161.3,117234,1,'1554',NULL,_binary '\0',NULL,'2020-12-26 16:37:38'),(58,0,'AA000',0,0,0,0,0,0,NULL,0,0,0,0,'0',NULL,NULL,NULL,'2010-05-04 08:07:52'),(59,0,'AA000',0,0,0,0,0,0,NULL,0,0,0,0,'0',NULL,NULL,NULL,'2010-05-04 08:07:52'),(60,0,'AA000',0,0,0,0,0,0,NULL,0,0,0,0,'0',NULL,NULL,NULL,'2010-05-04 08:07:52'),(61,0,'AA000',0,0,0,0,0,0,NULL,0,0,0,0,'0',NULL,NULL,NULL,'2010-05-04 08:07:52'),(62,0,'AA000',0,0,0,0,0,0,NULL,0,0,0,0,'0',NULL,NULL,NULL,'2010-05-04 08:07:52'),(63,0,'AA000',0,0,0,0,0,0,NULL,0,0,0,0,'0',NULL,NULL,NULL,'2010-05-04 08:07:52'),(64,0,'AA000',0,0,0,0,0,0,NULL,0,0,0,0,'0',NULL,NULL,NULL,'2010-05-04 08:07:52'),(65,0,'AA000',0,0,0,0,0,0,NULL,0,0,0,0,'0',NULL,NULL,NULL,'2010-05-04 08:07:52'),(66,0,'AA000',0,0,0,0,0,0,NULL,0,0,0,0,'0',NULL,NULL,NULL,'2010-05-04 08:07:53'),(67,0,'AA000',0,0,0,0,0,0,NULL,0,0,0,0,'0',NULL,NULL,NULL,'2010-05-04 08:07:53'),(68,0,'AA000',0,0,0,0,0,0,NULL,0,0,0,0,'0',NULL,NULL,NULL,'2010-05-04 08:07:53'),(69,0,'AA000',0,0,0,0,0,0,NULL,0,0,0,0,'0',NULL,NULL,NULL,'2010-05-04 08:07:53'),(70,0,'AA000',0,0,0,0,0,0,NULL,0,0,0,0,'0',NULL,NULL,NULL,'2010-05-04 08:07:53'),(71,0,'AA000',0,0,0,0,0,0,NULL,0,0,0,0,'0',NULL,NULL,NULL,'2010-05-04 07:52:51'),(72,0,'AA000',0,0,0,0,0,0,NULL,0,0,0,0,'0',NULL,NULL,NULL,'2010-05-03 09:13:09'),(73,0,'AA000',0,0,0,0,0,0,NULL,0,0,0,0,'0',NULL,NULL,NULL,'2010-05-03 09:13:09'),(74,0,'AA000',0,0,0,0,0,0,NULL,0,0,0,0,'0',NULL,NULL,NULL,'2010-05-03 09:13:09'),(75,0,'AA000',0,0,0,0,0,0,NULL,0,0,0,0,'0',NULL,NULL,NULL,'2010-05-03 09:13:09'),(76,0,'AA000',0,0,0,0,0,0,NULL,0,0,0,0,'0',NULL,NULL,NULL,'2010-05-03 09:13:09'),(77,0,'AA000',0,0,0,0,0,0,NULL,0,0,0,0,'0',NULL,NULL,NULL,'2010-05-03 09:13:09'),(78,0,'AA000',0,0,0,0,0,0,NULL,0,0,0,0,'0',NULL,NULL,NULL,'2010-05-03 09:13:10'),(79,0,'AA000',0,0,0,0,0,0,NULL,0,0,0,0,'0',NULL,NULL,NULL,'2010-05-03 09:13:10'),(80,0,'AA000',0,0,0,0,0,0,NULL,0,0,0,0,'0',NULL,NULL,NULL,'2010-05-03 09:13:10'),(81,0,'AA000',0,0,0,0,0,0,NULL,0,0,0,0,'0',NULL,NULL,NULL,'2010-05-03 09:13:10'),(82,0,'AA000',0,0,0,0,0,0,NULL,0,0,0,0,'0',NULL,NULL,NULL,'2010-05-03 09:13:10'),(83,0,'AA000',0,0,0,0,0,0,NULL,0,0,0,0,'0',NULL,NULL,NULL,'2010-05-03 09:13:10'),(84,0,'AA000',0,0,0,0,0,0,NULL,0,0,0,0,'0',NULL,NULL,NULL,'2010-05-03 09:13:10'),(85,0,'AA000',0,0,0,0,0,0,NULL,0,0,0,0,'0',NULL,NULL,NULL,'2010-05-03 09:13:10'),(86,0,'AA000',0,0,0,0,0,0,NULL,0,0,0,0,'0',NULL,NULL,NULL,'2010-05-03 09:13:11'),(87,0,'AA000',0,0,0,0,0,0,NULL,0,0,0,0,'0',NULL,NULL,NULL,'2010-05-03 09:13:11'),(88,0,'AA000',0,0,0,0,0,0,NULL,0,0,0,0,'0',NULL,NULL,NULL,'2010-05-03 09:13:11'),(89,0,'AA000',0,0,0,0,0,0,NULL,0,0,0,0,'0',NULL,NULL,NULL,'2010-05-03 09:13:11'),(90,0,'AA000',0,0,0,0,0,0,NULL,0,0,0,0,'0',NULL,NULL,NULL,'2010-05-03 09:13:11'),(91,0,'AA000',0,0,0,0,0,0,NULL,0,0,0,0,'0',NULL,NULL,NULL,'2010-05-03 09:13:11'),(92,0,'AA000',0,0,0,0,0,0,NULL,0,0,0,0,'0',NULL,NULL,NULL,'2010-05-03 09:13:11'),(93,0,'AA000',0,0,0,0,0,0,NULL,0,0,0,0,'0',NULL,NULL,NULL,'2010-05-03 09:13:11'),(94,0,'AA000',0,0,0,0,0,0,NULL,0,0,0,0,'0',NULL,NULL,NULL,'2010-05-03 09:13:11'),(95,0,'AA000',0,0,0,0,0,0,NULL,0,0,0,0,'0',NULL,NULL,NULL,'2010-05-03 09:13:11'),(96,0,'AA000',0,0,0,0,0,0,NULL,0,0,0,0,'0',NULL,NULL,NULL,'2010-05-03 09:13:12'),(97,0,'AA000',0,0,0,0,0,0,NULL,0,0,0,0,'0',NULL,NULL,NULL,'2010-05-03 09:13:12'),(98,0,'AA000',0,0,0,0,0,0,NULL,0,0,0,0,'0',NULL,NULL,NULL,'2010-05-03 09:13:12'),(99,0,'AA000',0,0,0,0,0,0,NULL,0,0,0,0,'0',NULL,NULL,NULL,'2010-05-03 09:13:12'),(100,0,'AA000',0,0,0,0,0,0,NULL,0,0,0,0,'0',NULL,NULL,NULL,'2010-05-03 09:13:12'),(101,0,'AA000',0,0,0,0,0,0,NULL,0,0,0,0,'0',NULL,NULL,NULL,'2010-05-03 09:13:12'),(102,0,'AA000',0,0,0,0,0,0,NULL,0,0,0,0,'0',NULL,NULL,NULL,'2010-05-03 09:13:12'),(103,0,'AA000',0,0,0,0,0,0,NULL,0,0,0,0,'0',NULL,NULL,NULL,'2010-05-03 09:13:12'),(104,0,'AA000',0,0,0,0,0,0,NULL,0,0,0,0,'0',NULL,NULL,NULL,'2010-05-03 09:13:12'),(105,0,'AA000',0,0,0,0,0,0,NULL,0,0,0,0,'0',NULL,NULL,NULL,'2010-05-03 09:13:12'),(106,0,'AA000',0,0,0,0,0,0,NULL,0,0,0,0,'0',NULL,NULL,NULL,'2010-05-03 09:13:13'),(107,0,'AA000',0,0,0,0,0,0,NULL,0,0,0,0,'0',NULL,NULL,NULL,'2010-05-03 09:13:13'),(108,0,'AA000',0,0,0,0,0,0,NULL,0,0,0,0,'0',NULL,NULL,NULL,'2010-05-03 09:13:13'),(109,0,'AA000',0,0,0,0,0,0,NULL,0,0,0,0,'0',NULL,NULL,NULL,'2010-05-03 09:13:13'),(110,0,'AA000',0,0,0,0,0,0,NULL,0,0,0,0,'0',NULL,NULL,NULL,'2010-05-03 09:13:13'),(111,0,'AA000',0,0,0,0,0,0,NULL,0,0,0,0,'0',NULL,NULL,NULL,'2009-09-04 08:31:57'),(112,0,'AA000',0,0,0,0,0,0,NULL,0,0,0,0,'0',NULL,NULL,NULL,'2009-09-04 08:31:57'),(113,0,'AA000',0,0,0,0,0,0,NULL,0,0,0,0,'0',NULL,NULL,NULL,'2009-09-04 08:31:57'),(114,0,'AA000',0,0,0,0,0,0,NULL,0,0,0,0,'0',NULL,NULL,NULL,'2009-09-04 08:31:57'),(115,0,'AA000',0,0,0,0,0,0,NULL,0,0,0,0,'0',NULL,NULL,NULL,'2009-09-04 08:31:57'),(116,0,'AA000',0,0,0,0,0,0,NULL,0,0,0,0,'0',NULL,NULL,NULL,'2009-09-04 08:31:57'),(117,0,'AA000',0,0,0,0,0,0,NULL,0,0,0,0,'0',NULL,NULL,NULL,'2009-09-04 08:31:57'),(118,0,'AA000',0,0,0,0,0,0,NULL,0,0,0,0,'0',NULL,NULL,NULL,'2009-09-04 08:31:57'),(119,0,'AA000',0,0,0,0,0,0,NULL,0,0,0,0,'0',NULL,NULL,NULL,'2009-09-04 08:31:57'),(120,0,'AA000',0,0,0,0,0,0,NULL,0,0,0,0,'0',NULL,NULL,NULL,'2009-09-04 08:31:57'),(121,0,'AA000',0,0,0,0,0,0,NULL,0,0,0,0,'0',NULL,NULL,NULL,'2009-09-04 08:31:57'),(122,0,'AA000',0,0,0,0,0,0,NULL,0,0,0,0,'0',NULL,NULL,NULL,'2009-09-04 08:31:57'),(123,0,'AA000',0,0,0,0,0,0,NULL,0,0,0,0,'0',NULL,NULL,NULL,'2009-09-04 08:31:58'),(124,0,'AA000',0,0,0,0,0,0,NULL,0,0,0,0,'0',NULL,NULL,NULL,'2009-09-04 08:31:58'),(125,0,'AA000',0,0,0,0,0,0,NULL,0,0,0,0,'0',NULL,NULL,NULL,'2009-09-04 08:31:58'),(126,0,'AA000',0,0,0,0,0,0,NULL,0,0,0,0,'0',NULL,NULL,NULL,'2009-09-04 08:31:58'),(127,0,'AA000',0,0,0,0,0,0,NULL,0,0,0,0,'0',NULL,NULL,NULL,'2009-09-04 08:31:58'),(128,0,'AA000',0,0,0,0,0,0,NULL,0,0,0,0,'0',NULL,NULL,NULL,'2009-09-04 08:31:58'),(129,0,'AA000',0,0,0,0,0,0,NULL,0,0,0,0,'0',NULL,NULL,NULL,'2009-09-04 08:31:58'),(130,0,'AA000',0,0,0,0,0,0,NULL,0,0,0,0,'0',NULL,NULL,NULL,'2009-09-04 08:31:58'),(131,0,'AA000',0,0,0,0,0,0,NULL,0,0,0,0,'0',NULL,NULL,NULL,'2009-09-04 08:31:58'),(132,0,'AA000',0,0,0,0,0,0,NULL,0,0,0,0,'0',NULL,NULL,NULL,'2009-09-04 08:31:58'),(133,0,'AA000',0,0,0,0,0,0,NULL,0,0,0,0,'0',NULL,NULL,NULL,'2009-09-04 08:31:58'),(134,0,'AA000',0,0,0,0,0,0,NULL,0,0,0,0,'0',NULL,NULL,NULL,'2009-09-04 08:31:58'),(135,0,'AA000',0,0,0,0,0,0,NULL,0,0,0,0,'0',NULL,NULL,NULL,'2009-09-04 08:31:58'),(136,0,'AA000',0,0,0,0,0,0,NULL,0,0,0,0,'0',NULL,NULL,NULL,'2009-09-04 08:31:58'),(137,0,'AA000',0,0,0,0,0,0,NULL,0,0,0,0,'0',NULL,NULL,NULL,'2009-09-04 08:31:58'),(138,0,'AA000',0,0,0,0,0,0,NULL,0,0,0,0,'0',NULL,NULL,NULL,'2009-09-04 08:31:59'),(139,0,'AA000',0,0,0,0,0,0,NULL,0,0,0,0,'0',NULL,NULL,NULL,'2009-09-04 08:31:59'),(140,0,'AA000',0,0,0,0,0,0,NULL,0,0,0,0,'0',NULL,NULL,NULL,'2009-09-04 08:31:59'),(141,0,'AA000',0,0,0,0,0,0,NULL,0,0,0,0,'0',NULL,NULL,NULL,'2009-09-04 08:31:59'),(142,0,'AA000',0,0,0,0,0,0,NULL,0,0,0,0,'0',NULL,NULL,NULL,'2009-09-04 08:31:59'),(143,0,'AA000',0,0,0,0,0,0,NULL,0,0,0,0,'0',NULL,NULL,NULL,'2009-09-04 08:31:59'),(144,0,'AA000',0,0,0,0,0,0,NULL,0,0,0,0,'0',NULL,NULL,NULL,'2009-09-04 08:31:59'),(145,0,'AA000',0,0,0,0,0,0,NULL,0,0,0,0,'0',NULL,NULL,NULL,'2009-09-04 08:31:59'),(146,0,'AA000',0,0,0,0,0,0,NULL,0,0,0,0,'0',NULL,NULL,NULL,'2009-09-04 08:31:59'),(147,0,'AA000',0,0,0,0,0,0,NULL,0,0,0,0,'0',NULL,NULL,NULL,'2009-09-04 08:31:59'),(148,0,'AA000',0,0,0,0,0,0,NULL,0,0,0,0,'0',NULL,NULL,NULL,'2009-09-04 08:31:59'),(149,0,'AA000',0,0,0,0,0,0,NULL,0,0,0,0,'0',NULL,NULL,NULL,'2009-09-04 08:31:59'),(150,0,'AA000',0,0,0,0,0,0,NULL,0,0,0,0,'0',NULL,NULL,NULL,'2009-09-04 08:31:59'),(151,0,'AA000',0,0,0,0,0,0,NULL,0,0,0,0,'0',NULL,NULL,NULL,'2009-09-04 08:31:59'),(152,0,'AA000',0,0,0,0,0,0,NULL,0,0,0,0,'0',NULL,NULL,NULL,'2009-09-04 08:31:59'),(153,0,'AA000',0,0,0,0,0,0,NULL,0,0,0,0,'0',NULL,NULL,NULL,'2009-09-04 08:32:00'),(154,0,'AA000',0,0,0,0,0,0,NULL,0,0,0,0,'0',NULL,NULL,NULL,'2009-09-04 08:32:00'),(155,0,'AA000',0,0,0,0,0,0,NULL,0,0,0,0,'0',NULL,NULL,NULL,'2009-09-04 08:32:00'),(156,0,'AA000',0,0,0,0,0,0,NULL,0,0,0,0,'0',NULL,NULL,NULL,'2009-09-04 08:32:00'),(157,0,'AA000',0,0,0,0,0,0,NULL,0,0,0,0,'0',NULL,NULL,NULL,'2009-09-04 08:32:00'),(158,0,'AA000',0,0,0,0,0,0,NULL,0,0,0,0,'0',NULL,NULL,NULL,'2009-09-04 08:32:00'),(159,0,'AA000',0,0,0,0,0,0,NULL,0,0,0,0,'0',NULL,NULL,NULL,'2009-09-04 08:32:00'),(160,0,'AA000',0,0,0,0,0,0,NULL,0,0,0,0,'0',NULL,NULL,NULL,'2009-09-04 08:32:00'),(161,0,'AA000',0,0,0,0,0,0,NULL,0,0,0,0,'0',NULL,NULL,NULL,'2009-09-04 08:32:00'),(162,0,'AA000',0,0,0,0,0,0,NULL,0,0,0,0,'0',NULL,NULL,NULL,'2009-09-04 08:32:00'),(163,0,'AA000',0,0,0,0,0,0,NULL,0,0,0,0,'0',NULL,NULL,NULL,'2009-09-04 08:32:01'),(164,0,'AA000',0,0,0,0,0,0,NULL,0,0,0,0,'0',NULL,NULL,NULL,'2009-09-04 08:32:01'),(165,0,'AA000',0,0,0,0,0,0,NULL,0,0,0,0,'0',NULL,NULL,NULL,'2009-09-04 08:32:01'),(166,0,'AA000',0,0,0,0,0,0,NULL,0,0,0,0,'0',NULL,NULL,NULL,'2009-09-04 08:32:01'),(167,0,'AA000',0,0,0,0,0,0,NULL,0,0,0,0,'0',NULL,NULL,NULL,'2009-09-04 08:32:01'),(168,0,'AA000',0,0,0,0,0,0,NULL,0,0,0,0,'0',NULL,NULL,NULL,'2009-09-04 08:32:01'),(169,0,'AA000',0,0,0,0,0,0,NULL,0,0,0,0,'0',NULL,NULL,NULL,'2009-09-04 08:32:01'),(170,0,'AA000',0,0,0,0,0,0,NULL,0,0,0,0,'0',NULL,NULL,NULL,'2009-09-04 08:32:01'),(171,0,'AA000',0,0,0,0,0,0,NULL,0,0,0,0,'0',NULL,NULL,NULL,'2009-09-04 08:32:01'),(172,0,'AA000',0,0,0,0,0,0,NULL,0,0,0,0,'0',NULL,NULL,NULL,'2009-09-04 08:32:01'),(173,0,'AA000',0,0,0,0,0,0,NULL,0,0,0,0,'0',NULL,NULL,NULL,'2009-09-04 08:32:01'),(174,0,'AA000',0,0,0,0,0,0,NULL,0,0,0,0,'0',NULL,NULL,NULL,'2009-09-04 08:32:01'),(175,0,'AA000',0,0,0,0,0,0,NULL,0,0,0,0,'0',NULL,NULL,NULL,'2009-09-04 08:32:01'),(176,0,'AA000',0,0,0,0,0,0,NULL,0,0,0,0,'0',NULL,NULL,NULL,'2009-09-04 08:32:01'),(177,0,'AA000',0,0,0,0,0,0,NULL,0,0,0,0,'0',NULL,NULL,NULL,'2009-09-04 08:32:01'),(178,0,'AA000',0,0,0,0,0,0,NULL,0,0,0,0,'0',NULL,NULL,NULL,'2009-09-04 08:32:02'),(179,0,'AA000',0,0,0,0,0,0,NULL,0,0,0,0,'0',NULL,NULL,NULL,'2009-09-04 08:32:02'),(180,0,'AA000',0,0,0,0,0,0,NULL,0,0,0,0,'0',NULL,NULL,NULL,'2009-09-04 08:32:02'),(181,0,'AA000',0,0,0,0,0,0,NULL,0,0,0,0,'0',NULL,NULL,NULL,'2009-09-04 08:32:02'),(182,0,'AA000',0,0,0,0,0,0,NULL,0,0,0,0,'0',NULL,NULL,NULL,'2009-09-04 08:32:02'),(183,0,'AA000',0,0,0,0,0,0,NULL,0,0,0,0,'0',NULL,NULL,NULL,'2009-09-04 08:32:02'),(184,0,'AA000',0,0,0,0,0,0,NULL,0,0,0,0,'0',NULL,NULL,NULL,'2009-09-04 08:32:02'),(185,0,'AA000',0,0,0,0,0,0,NULL,0,0,0,0,'0',NULL,NULL,NULL,'2009-09-04 08:32:02'),(186,0,'AA000',0,0,0,0,0,0,NULL,0,0,0,0,'0',NULL,NULL,NULL,'2009-09-04 08:32:02'),(187,0,'AA000',0,0,0,0,0,0,NULL,0,0,0,0,'0',NULL,NULL,NULL,'2009-09-04 08:32:02'),(188,0,'AA000',0,0,0,0,0,0,NULL,0,0,0,0,'0',NULL,NULL,NULL,'2009-09-04 08:32:02'),(189,0,'AA000',0,0,0,0,0,0,NULL,0,0,0,0,'0',NULL,NULL,NULL,'2009-09-04 08:32:02'),(190,0,'AA000',0,0,0,0,0,0,NULL,0,0,0,0,'0',NULL,NULL,NULL,'2009-09-04 08:32:02'),(191,0,'AA000',0,0,0,0,0,0,NULL,0,0,0,0,'0',NULL,NULL,NULL,'2009-09-04 08:32:02'),(192,0,'AA000',0,0,0,0,0,0,NULL,0,0,0,0,'0',NULL,NULL,NULL,'2009-09-04 08:32:02'),(193,0,'AA000',0,0,0,0,0,0,NULL,0,0,0,0,'0',NULL,NULL,NULL,'2009-09-04 08:32:03'),(194,0,'AA000',0,0,0,0,0,0,NULL,0,0,0,0,'0',NULL,NULL,NULL,'2009-09-04 08:32:03'),(195,0,'AA000',0,0,0,0,0,0,NULL,0,0,0,0,'0',NULL,NULL,NULL,'2009-09-04 08:32:03'),(196,0,'AA000',0,0,0,0,0,0,NULL,0,0,0,0,'0',NULL,NULL,NULL,'2009-09-04 08:32:03'),(197,0,'AA000',0,0,0,0,0,0,NULL,0,0,0,0,'0',NULL,NULL,NULL,'2009-09-04 08:32:03'),(198,0,'AA000',0,0,0,0,0,0,NULL,0,0,0,0,'0',NULL,NULL,NULL,'2009-09-04 08:32:03'),(199,0,'AA000',0,0,0,0,0,0,NULL,0,0,0,0,'0',NULL,NULL,NULL,'2009-09-04 08:32:03'),(200,0,'AA000',0,0,0,0,0,0,NULL,0,0,0,0,'0',NULL,NULL,NULL,'2009-09-04 08:32:03'),(201,0,'AA000',0,0,0,0,0,0,NULL,0,0,0,0,'0',NULL,NULL,NULL,'2009-09-04 08:32:03'),(202,0,'AA000',0,0,0,0,0,0,NULL,0,0,0,0,'0',NULL,NULL,NULL,'2009-09-04 08:32:03'),(203,0,'AA000',0,0,0,0,0,0,NULL,0,0,0,0,'0',NULL,NULL,NULL,'2009-09-04 08:32:03'),(204,0,'AA000',0,0,0,0,0,0,NULL,0,0,0,0,'0',NULL,NULL,NULL,'2009-09-04 08:32:03'),(205,0,'AA000',0,0,0,0,0,0,NULL,0,0,0,0,'0',NULL,NULL,NULL,'2009-09-04 08:32:03'),(206,0,'AA000',0,0,0,0,0,0,NULL,0,0,0,0,'0',NULL,NULL,NULL,'2009-09-04 08:32:03'),(207,0,'AA000',0,0,0,0,0,0,NULL,0,0,0,0,'0',NULL,NULL,NULL,'2009-09-04 08:32:03'),(208,0,'AA000',0,0,0,0,0,0,NULL,0,0,0,0,'0',NULL,NULL,NULL,'2009-09-04 08:32:04'),(209,0,'AA000',0,0,0,0,0,0,NULL,0,0,0,0,'0',NULL,NULL,NULL,'2009-09-04 08:32:04'),(210,0,'AA000',0,0,0,0,0,0,NULL,0,0,0,0,'0',NULL,NULL,NULL,'2009-09-04 08:32:04'),(211,0,'AA000',0,0,0,0,0,0,NULL,0,0,0,0,'0',NULL,NULL,NULL,'2009-09-04 08:32:04'),(212,0,'AA000',0,0,0,0,0,0,NULL,0,0,0,0,'0',NULL,NULL,NULL,'2009-09-04 08:32:04'),(213,0,'AA000',0,0,0,0,0,0,NULL,0,0,0,0,'0',NULL,NULL,NULL,'2009-09-04 08:32:04'),(214,0,'AA000',0,0,0,0,0,0,NULL,0,0,0,0,'0',NULL,NULL,NULL,'2009-09-04 08:32:04'),(215,0,'AA000',0,0,0,0,0,0,NULL,0,0,0,0,'0',NULL,NULL,NULL,'2009-09-04 08:32:04'),(216,0,'AA000',0,0,0,0,0,0,NULL,0,0,0,0,'0',NULL,NULL,NULL,'2009-09-04 08:32:04'),(217,0,'AA000',0,0,0,0,0,0,NULL,0,0,0,0,'0',NULL,NULL,NULL,'2009-09-04 08:32:04'),(218,0,'AA000',0,0,0,0,0,0,NULL,0,0,0,0,'0',NULL,NULL,NULL,'2009-09-04 08:32:04'),(219,0,'AA000',0,0,0,0,0,0,NULL,0,0,0,0,'0',NULL,NULL,NULL,'2009-09-04 08:32:04'),(220,0,'AA000',0,0,0,0,0,0,NULL,0,0,0,0,'0',NULL,NULL,NULL,'2009-09-04 08:32:04'),(221,0,'AA000',0,0,0,0,0,0,NULL,0,0,0,0,'0',NULL,NULL,NULL,'2009-09-04 08:32:04'),(222,0,'AA000',0,0,0,0,0,0,NULL,0,0,0,0,'0',NULL,NULL,NULL,'2009-09-04 08:32:04'),(223,0,'AA000',0,0,0,0,0,0,NULL,0,0,0,0,'0',NULL,NULL,NULL,'2009-09-04 08:32:05'),(224,0,'AA000',0,0,0,0,0,0,NULL,0,0,0,0,'0',NULL,NULL,NULL,'2009-09-04 08:32:05'),(225,0,'AA000',0,0,0,0,0,0,NULL,0,0,0,0,'0',NULL,NULL,NULL,'2009-09-04 08:32:05'),(226,0,'AA000',0,0,0,0,0,0,NULL,0,0,0,0,'0',NULL,NULL,NULL,'2009-09-04 08:32:05'),(227,0,'AA000',0,0,0,0,0,0,NULL,0,0,0,0,'0',NULL,NULL,NULL,'2009-09-04 08:32:05'),(228,0,'AA000',0,0,0,0,0,0,NULL,0,0,0,0,'0',NULL,NULL,NULL,'2009-09-04 08:32:05'),(229,0,'AA000',0,0,0,0,0,0,NULL,0,0,0,0,'0',NULL,NULL,NULL,'2009-09-04 08:32:05'),(230,0,'AA000',0,0,0,0,0,0,NULL,0,0,0,0,'0',NULL,NULL,NULL,'2009-09-04 08:32:05'),(231,0,'AA000',0,0,0,0,0,0,NULL,0,0,0,0,'0',NULL,NULL,NULL,'2009-09-04 08:32:05'),(232,0,'AA000',0,0,0,0,0,0,NULL,0,0,0,0,'0',NULL,NULL,NULL,'2009-09-04 08:32:05'),(233,0,'AA000',0,0,0,0,0,0,NULL,0,0,0,0,'0',NULL,NULL,NULL,'2009-09-04 08:32:05'),(234,0,'AA000',0,0,0,0,0,0,NULL,0,0,0,0,'0',NULL,NULL,NULL,'2009-09-04 08:32:05'),(235,0,'AA000',0,0,0,0,0,0,NULL,0,0,0,0,'0',NULL,NULL,NULL,'2009-09-04 08:32:05'),(236,0,'AA000',0,0,0,0,0,0,NULL,0,0,0,0,'0',NULL,NULL,NULL,'2009-09-04 08:32:05'),(237,0,'AA000',0,0,0,0,0,0,NULL,0,0,0,0,'0',NULL,NULL,NULL,'2009-09-04 08:32:06'),(238,0,'AA000',0,0,0,0,0,0,NULL,0,0,0,0,'0',NULL,NULL,NULL,'2009-09-04 08:32:06'),(239,0,'AA000',0,0,0,0,0,0,NULL,0,0,0,0,'0',NULL,NULL,NULL,'2009-09-04 08:32:06'),(240,0,'AA000',0,0,0,0,0,0,NULL,0,0,0,0,'0',NULL,NULL,NULL,'2009-09-04 08:32:06'),(241,0,'AA000',0,0,0,0,0,0,NULL,0,0,0,0,'0',NULL,NULL,NULL,'2009-09-04 08:32:06'),(242,0,'AA000',0,0,0,0,0,0,NULL,0,0,0,0,'0',NULL,NULL,NULL,'2009-09-04 08:32:06'),(243,0,'AA000',0,0,0,0,0,0,NULL,0,0,0,0,'0',NULL,NULL,NULL,'2009-09-04 08:32:06'),(244,0,'AA000',0,0,0,0,0,0,NULL,0,0,0,0,'0',NULL,NULL,NULL,'2009-09-04 08:32:06'),(245,0,'AA000',0,0,0,0,0,0,NULL,0,0,0,0,'0',NULL,NULL,NULL,'2009-09-04 08:32:06'),(246,0,'AA000',0,0,0,0,0,0,NULL,0,0,0,0,'0',NULL,NULL,NULL,'2009-09-04 08:32:06'),(247,0,'AA000',0,0,0,0,0,0,NULL,0,0,0,0,'0',NULL,NULL,NULL,'2009-09-04 08:32:06'),(248,0,'AA000',0,0,0,0,0,0,NULL,0,0,0,0,'0',NULL,NULL,NULL,'2009-09-04 08:32:06'),(249,0,'AA000',0,0,0,0,0,0,NULL,0,0,0,0,'0',NULL,NULL,NULL,'2009-09-04 08:32:06'),(250,0,'AA000',0,0,0,0,0,0,NULL,0,0,0,0,'0',NULL,NULL,NULL,'2009-09-04 08:32:06'),(251,0,'AA000',0,0,0,0,0,0,NULL,0,0,0,0,'0',NULL,NULL,NULL,'2009-09-04 08:32:06'),(252,0,'AA000',0,0,0,0,0,0,NULL,0,0,0,0,'0',NULL,NULL,NULL,'2009-09-04 08:32:07'),(253,0,'AA000',0,0,0,0,0,0,NULL,0,0,0,0,'0',NULL,NULL,NULL,'2009-09-04 08:32:07'),(254,0,'AA000',0,0,0,0,0,0,NULL,0,0,0,0,'0',NULL,NULL,NULL,'2009-09-04 08:32:07'),(255,0,'AA000',0,0,0,0,0,0,NULL,0,0,0,0,'0',NULL,NULL,NULL,'2009-09-04 08:32:07'),(256,0,'AA000',0,0,0,0,0,0,NULL,0,0,0,0,'0',NULL,NULL,NULL,'2009-09-04 08:32:07'),(257,0,'AA000',0,0,0,0,0,0,NULL,0,0,0,0,'0',NULL,NULL,NULL,'2009-09-04 08:32:07'),(258,0,'AA000',0,0,0,0,0,0,NULL,0,0,0,0,'0',NULL,NULL,NULL,'2009-09-04 08:32:07'),(259,0,'AA000',0,0,0,0,0,0,NULL,0,0,0,0,'0',NULL,NULL,NULL,'2009-09-04 08:32:07'),(260,0,'AA000',0,0,0,0,0,0,NULL,0,0,0,0,'0',NULL,NULL,NULL,'2009-09-04 08:32:07'),(261,0,'AA000',0,0,0,0,0,0,NULL,0,0,0,0,'0',NULL,NULL,NULL,'2009-09-04 08:32:07'),(262,0,'AA000',0,0,0,0,0,0,NULL,0,0,0,0,'0',NULL,NULL,NULL,'2009-09-04 08:32:07'),(263,0,'AA000',0,0,0,0,0,0,NULL,0,0,0,0,'0',NULL,NULL,NULL,'2009-09-04 08:32:07'),(264,0,'AA000',0,0,0,0,0,0,NULL,0,0,0,0,'0',NULL,NULL,NULL,'2009-09-04 08:32:07'),(265,0,'AA000',0,0,0,0,0,0,NULL,0,0,0,0,'0',NULL,NULL,NULL,'2009-09-04 08:32:07'),(266,0,'AA000',0,0,0,0,0,0,NULL,0,0,0,0,'0',NULL,NULL,NULL,'2009-09-04 08:32:07'),(267,0,'AA000',0,0,0,0,0,0,NULL,0,0,0,0,'0',NULL,NULL,NULL,'2009-09-04 08:32:08'),(268,0,'AA000',0,0,0,0,0,0,NULL,0,0,0,0,'0',NULL,NULL,NULL,'2009-09-04 08:32:08'),(269,0,'AA000',0,0,0,0,0,0,NULL,0,0,0,0,'0',NULL,NULL,NULL,'2009-09-04 08:32:08'),(270,0,'AA000',0,0,0,0,0,0,NULL,0,0,0,0,'0',NULL,NULL,NULL,'2009-09-04 08:32:08'),(271,0,'AA000',0,0,0,0,0,0,NULL,0,0,0,0,'0',NULL,NULL,NULL,'2009-09-04 08:32:08'),(272,0,'AA000',0,0,0,0,0,0,NULL,0,0,0,0,'0',NULL,NULL,NULL,'2009-09-04 08:32:08'),(273,0,'AA000',0,0,0,0,0,0,NULL,0,0,0,0,'0',NULL,NULL,NULL,'2009-09-04 08:32:08'),(274,0,'AA000',0,0,0,0,0,0,NULL,0,0,0,0,'0',NULL,NULL,NULL,'2009-09-04 08:32:08'),(275,0,'AA000',0,0,0,0,0,0,NULL,0,0,0,0,'0',NULL,NULL,NULL,'2009-09-04 08:32:08'),(276,0,'AA000',0,0,0,0,0,0,NULL,0,0,0,0,'0',NULL,NULL,NULL,'2009-09-04 08:32:08'),(277,0,'AA000',0,0,0,0,0,0,NULL,0,0,0,0,'0',NULL,NULL,NULL,'2009-09-04 08:32:08'),(278,0,'AA000',0,0,0,0,0,0,NULL,0,0,0,0,'0',NULL,NULL,NULL,'2009-09-04 08:32:08'),(279,0,'AA000',0,0,0,0,0,0,NULL,0,0,0,0,'0',NULL,NULL,NULL,'2009-09-04 08:32:08'),(280,0,'AA000',0,0,0,0,0,0,NULL,0,0,0,0,'0',NULL,NULL,NULL,'2009-09-04 08:32:08'),(281,0,'AA000',0,0,0,0,0,0,NULL,0,0,0,0,'0',NULL,NULL,NULL,'2009-09-04 08:32:08'),(282,0,'AA000',0,0,0,0,0,0,NULL,0,0,0,0,'0',NULL,NULL,NULL,'2009-09-04 08:32:09'),(283,0,'AA000',0,0,0,0,0,0,NULL,0,0,0,0,'0',NULL,NULL,NULL,'2009-09-04 08:32:09'),(284,0,'AA000',0,0,0,0,0,0,NULL,0,0,0,0,'0',NULL,NULL,NULL,'2009-09-04 08:32:09'),(285,0,'AA000',0,0,0,0,0,0,NULL,0,0,0,0,'0',NULL,NULL,NULL,'2009-09-04 08:32:09'),(286,0,'AA000',0,0,0,0,0,0,NULL,0,0,0,0,'0',NULL,NULL,NULL,'2009-09-04 08:32:09'),(287,0,'AA000',0,0,0,0,0,0,NULL,0,0,0,0,'0',NULL,NULL,NULL,'2009-09-04 08:32:09'),(288,0,'AA000',0,0,0,0,0,0,NULL,0,0,0,0,'0',NULL,NULL,NULL,'2009-09-04 08:32:09'),(289,0,'AA000',0,0,0,0,0,0,NULL,0,0,0,0,'0',NULL,NULL,NULL,'2009-09-04 08:32:09'),(290,0,'AA000',0,0,0,0,0,0,NULL,0,0,0,0,'0',NULL,NULL,NULL,'2009-09-04 08:32:09'),(291,0,'AA000',0,0,0,0,0,0,NULL,0,0,0,0,'0',NULL,NULL,NULL,'2009-09-04 08:32:09'),(292,0,'AA000',0,0,0,0,0,0,NULL,0,0,0,0,'0',NULL,NULL,NULL,'2009-09-04 08:32:09'),(293,0,'AA000',0,0,0,0,0,0,NULL,0,0,0,0,'0',NULL,NULL,NULL,'2009-09-04 08:32:09'),(294,0,'AA000',0,0,0,0,0,0,NULL,0,0,0,0,'0',NULL,NULL,NULL,'2009-09-04 08:32:09'),(295,0,'AA000',0,0,0,0,0,0,NULL,0,0,0,0,'0',NULL,NULL,NULL,'2009-09-04 08:32:09'),(296,0,'AA000',0,0,0,0,0,0,NULL,0,0,0,0,'0',NULL,NULL,NULL,'2009-09-04 08:32:09'),(297,0,'AA000',0,0,0,0,0,0,NULL,0,0,0,0,'0',NULL,NULL,NULL,'2009-09-04 08:32:10'),(298,0,'AA000',0,0,0,0,0,0,NULL,0,0,0,0,'0',NULL,NULL,NULL,'2009-09-04 08:32:10'),(299,0,'AA000',0,0,0,0,0,0,NULL,0,0,0,0,'0',NULL,NULL,NULL,'2009-09-04 08:32:10'),(300,0,'AA000',0,0,0,0,0,0,NULL,0,0,0,0,'0',NULL,NULL,NULL,'2009-09-04 08:32:10'),(301,0,'AA000',0,0,0,0,0,0,NULL,0,0,0,0,'0',NULL,NULL,NULL,'2009-09-04 08:32:10'),(302,0,'AA000',0,0,0,0,0,0,NULL,0,0,0,0,'0',NULL,NULL,NULL,'2009-09-04 08:32:10'),(303,0,'AA000',0,0,0,0,0,0,NULL,0,0,0,0,'0',NULL,NULL,NULL,'2009-09-04 08:32:10'),(304,0,'AA000',0,0,0,0,0,0,NULL,0,0,0,0,'0',NULL,NULL,NULL,'2009-09-04 08:32:10'),(305,0,'AA000',0,0,0,0,0,0,NULL,0,0,0,0,'0',NULL,NULL,NULL,'2009-09-04 08:32:10'),(306,0,'AA000',0,0,0,0,0,0,NULL,0,0,0,0,'0',NULL,NULL,NULL,'2009-09-04 08:32:10'),(307,0,'AA000',0,0,0,0,0,0,NULL,0,0,0,0,'0',NULL,NULL,NULL,'2009-09-04 08:32:10'),(308,0,'AA000',0,0,0,0,0,0,NULL,0,0,0,0,'0',NULL,NULL,NULL,'2009-09-04 08:32:11'),(309,0,'AA000',0,0,0,0,0,0,NULL,0,0,0,0,'0',NULL,NULL,NULL,'2009-09-04 08:32:11'),(310,0,'AA000',0,0,0,0,0,0,NULL,0,0,0,0,'0',NULL,NULL,NULL,'2009-09-04 08:32:11'),(311,0,'AA000',0,0,0,0,0,0,NULL,0,0,0,0,'0',NULL,NULL,NULL,'2009-09-04 08:32:11'),(312,0,'AA000',0,0,0,0,0,0,NULL,0,0,0,0,'0',NULL,NULL,NULL,'2009-09-04 08:32:11'),(313,0,'AA000',0,0,0,0,0,0,NULL,0,0,0,0,'0',NULL,NULL,NULL,'2009-09-04 08:32:11'),(314,0,'AA000',0,0,0,0,0,0,NULL,0,0,0,0,'0',NULL,NULL,NULL,'2009-09-04 08:32:11'),(315,0,'AA000',0,0,0,0,0,0,NULL,0,0,0,0,'0',NULL,NULL,NULL,'2009-09-04 08:32:11'),(316,0,'AA000',0,0,0,0,0,0,NULL,0,0,0,0,'0',NULL,NULL,NULL,'2009-09-04 08:32:11'),(317,0,'AA000',0,0,0,0,0,0,NULL,0,0,0,0,'0',NULL,NULL,NULL,'2009-09-04 08:32:11'),(318,0,'AA000',0,0,0,0,0,0,NULL,0,0,0,0,'0',NULL,NULL,NULL,'2009-09-04 08:32:11'),(319,0,'AA000',0,0,0,0,0,0,NULL,0,0,0,0,'0',NULL,NULL,NULL,'2009-09-04 08:32:11'),(320,0,'AA000',0,0,0,0,0,0,NULL,0,0,0,0,'0',NULL,NULL,NULL,'2009-09-04 08:32:11'),(321,0,'AA000',0,0,0,0,0,0,NULL,0,0,0,0,'0',NULL,NULL,NULL,'2009-09-04 08:32:11'),(322,0,'AA000',0,0,0,0,0,0,NULL,0,0,0,0,'0',NULL,NULL,NULL,'2009-09-04 08:32:12'),(323,0,'AA000',0,0,0,0,0,0,NULL,0,0,0,0,'0',NULL,NULL,NULL,'2009-09-04 08:32:12'),(324,0,'AA000',0,0,0,0,0,0,NULL,0,0,0,0,'0',NULL,NULL,NULL,'2009-09-04 08:32:12'),(325,0,'AA000',0,0,0,0,0,0,NULL,0,0,0,0,'0',NULL,NULL,NULL,'2009-09-04 08:32:12'),(326,0,'AA000',0,0,0,0,0,0,NULL,0,0,0,0,'0',NULL,NULL,NULL,'2009-09-04 08:32:12'),(327,0,'AA000',0,0,0,0,0,0,NULL,0,0,0,0,'0',NULL,NULL,NULL,'2009-09-04 08:32:12'),(328,0,'AA000',0,0,0,0,0,0,NULL,0,0,0,0,'0',NULL,NULL,NULL,'2009-09-04 08:32:12'),(329,0,'AA000',0,0,0,0,0,0,NULL,0,0,0,0,'0',NULL,NULL,NULL,'2009-09-04 08:32:12'),(330,0,'AA000',0,0,0,0,0,0,NULL,0,0,0,0,'0',NULL,NULL,NULL,'2009-09-04 08:32:12'),(331,0,'AA000',0,0,0,0,0,0,NULL,0,0,0,0,'0',NULL,NULL,NULL,'2009-09-04 08:32:12'),(332,0,'AA000',0,0,0,0,0,0,NULL,0,0,0,0,'0',NULL,NULL,NULL,'2009-09-04 08:32:12'),(333,0,'AA000',0,0,0,0,0,0,NULL,0,0,0,0,'0',NULL,NULL,NULL,'2009-09-04 08:32:12'),(334,0,'AA000',0,0,0,0,0,0,NULL,0,0,0,0,'0',NULL,NULL,NULL,'2009-09-04 08:32:12'),(335,0,'AA000',0,0,0,0,0,0,NULL,0,0,0,0,'0',NULL,NULL,NULL,'2009-09-04 08:32:12'),(336,0,'AA000',0,0,0,0,0,0,NULL,0,0,0,0,'0',NULL,NULL,NULL,'2009-09-04 08:32:12'),(337,0,'AA000',0,0,0,0,0,0,NULL,0,0,0,0,'0',NULL,NULL,NULL,'2009-09-04 08:32:13'),(338,0,'AA000',0,0,0,0,0,0,NULL,0,0,0,0,'0',NULL,NULL,NULL,'2009-09-04 08:32:13'),(339,0,'AA000',0,0,0,0,0,0,NULL,0,0,0,0,'0',NULL,NULL,NULL,'2009-09-04 08:32:13'),(340,0,'AA000',0,0,0,0,0,0,NULL,0,0,0,0,'0',NULL,NULL,NULL,'2009-09-04 08:32:13'),(341,0,'AA000',0,0,0,0,0,0,NULL,0,0,0,0,'0',NULL,NULL,NULL,'2009-09-04 08:32:13'),(342,0,'AA000',0,0,0,0,0,0,NULL,0,0,0,0,'0',NULL,NULL,NULL,'2009-09-04 08:32:13'),(343,0,'AA000',0,0,0,0,0,0,NULL,0,0,0,0,'0',NULL,NULL,NULL,'2009-09-04 08:32:13'),(344,0,'AA000',0,0,0,0,0,0,NULL,0,0,0,0,'0',NULL,NULL,NULL,'2009-09-04 08:32:13'),(345,0,'AA000',0,0,0,0,0,0,NULL,0,0,0,0,'0',NULL,NULL,NULL,'2009-09-04 08:32:13'),(346,0,'AA000',0,0,0,0,0,0,NULL,0,0,0,0,'0',NULL,NULL,NULL,'2009-09-04 08:32:13'),(347,0,'AA000',0,0,0,0,0,0,NULL,0,0,0,0,'0',NULL,NULL,NULL,'2009-09-04 08:32:13'),(348,0,'AA000',0,0,0,0,0,0,NULL,0,0,0,0,'0',NULL,NULL,NULL,'2009-09-04 08:32:13'),(349,0,'AA000',0,0,0,0,0,0,NULL,0,0,0,0,'0',NULL,NULL,NULL,'2009-09-04 08:32:13'),(350,0,'AA000',0,0,0,0,0,0,NULL,0,0,0,0,'0',NULL,NULL,NULL,'2009-09-04 08:32:13'),(351,0,'AA000',0,0,0,0,0,0,NULL,0,0,0,0,'0',NULL,NULL,NULL,'2009-09-04 08:32:13'),(352,0,'AA000',0,0,0,0,0,0,NULL,0,0,0,0,'0',NULL,NULL,NULL,'2009-09-04 08:32:13'),(353,0,'AA000',0,0,0,0,0,0,NULL,0,0,0,0,'0',NULL,NULL,NULL,'2009-09-04 08:32:13'),(354,0,'AA000',0,0,0,0,0,0,NULL,0,0,0,0,'0',NULL,NULL,NULL,'2009-09-04 08:32:14'),(355,0,'AA000',0,0,0,0,0,0,NULL,0,0,0,0,'0',NULL,NULL,NULL,'2009-09-04 08:32:14'),(356,0,'AA000',0,0,0,0,0,0,NULL,0,0,0,0,'0',NULL,NULL,NULL,'2009-09-04 08:32:14'),(357,0,'AA000',0,0,0,0,0,0,NULL,0,0,0,0,'0',NULL,NULL,NULL,'2009-09-04 08:32:14'),(358,0,'AA000',0,0,0,0,0,0,NULL,0,0,0,0,'0',NULL,NULL,NULL,'2009-09-04 08:32:14'),(359,0,'AA000',0,0,0,0,0,0,NULL,0,0,0,0,'0',NULL,NULL,NULL,'2009-09-04 08:32:14'),(360,0,'AA000',0,0,0,0,0,0,NULL,0,0,0,0,'0',NULL,NULL,NULL,'2009-09-04 08:32:14'),(361,0,'AA000',0,0,0,0,0,0,NULL,0,0,0,0,'0',NULL,NULL,NULL,'2009-09-04 08:32:14'),(362,0,'AA000',0,0,0,0,0,0,NULL,0,0,0,0,'0',NULL,NULL,NULL,'2009-09-04 08:32:14'),(363,0,'AA000',0,0,0,0,0,0,NULL,0,0,0,0,'0',NULL,NULL,NULL,'2009-09-04 08:32:14'),(364,0,'AA000',0,0,0,0,0,0,NULL,0,0,0,0,'0',NULL,NULL,NULL,'2009-09-04 08:32:14'),(365,0,'AA000',0,0,0,0,0,0,NULL,0,0,0,0,'0',NULL,NULL,NULL,'2009-09-04 08:32:14'),(366,0,'AA000',0,0,0,0,0,0,NULL,0,0,0,0,'0',NULL,NULL,NULL,'2009-09-04 08:32:14'),(367,0,'AA000',0,0,0,0,0,0,NULL,0,0,0,0,'0',NULL,NULL,NULL,'2009-09-04 08:32:14'),(368,0,'AA000',0,0,0,0,0,0,NULL,0,0,0,0,'0',NULL,NULL,NULL,'2009-09-04 08:32:14'),(369,0,'AA000',0,0,0,0,0,0,NULL,0,0,0,0,'0',NULL,NULL,NULL,'2009-09-04 08:32:14'),(370,0,'AA000',0,0,0,0,0,0,NULL,0,0,0,0,'0',NULL,NULL,NULL,'2009-09-04 08:32:14'),(371,0,'AA000',0,0,0,0,0,0,NULL,0,0,0,0,'0',NULL,NULL,NULL,'2009-09-04 08:32:14'),(372,0,'AA000',0,0,0,0,0,0,NULL,0,0,0,0,'0',NULL,NULL,NULL,'2009-09-04 08:32:14'),(373,0,'AA000',0,0,0,0,0,0,NULL,0,0,0,0,'0',NULL,NULL,NULL,'2009-09-04 08:32:14'),(374,0,'AA000',0,0,0,0,0,0,NULL,0,0,0,0,'0',NULL,NULL,NULL,'2009-09-04 08:32:15'),(375,0,'AA000',0,0,0,0,0,0,NULL,0,0,0,0,'0',NULL,NULL,NULL,'2009-09-04 08:32:15'),(376,0,'AA000',0,0,0,0,0,0,NULL,0,0,0,0,'0',NULL,NULL,NULL,'2009-09-04 08:32:15'),(377,0,'AA000',0,0,0,0,0,0,NULL,0,0,0,0,'0',NULL,NULL,NULL,'2009-09-04 08:32:15'),(378,0,'AA000',0,0,0,0,0,0,NULL,0,0,0,0,'0',NULL,NULL,NULL,'2009-09-04 08:32:15'),(379,0,'AA000',0,0,0,0,0,0,NULL,0,0,0,0,'0',NULL,NULL,NULL,'2009-09-04 08:32:15'),(380,0,'AA000',0,0,0,0,0,0,NULL,0,0,0,0,'0',NULL,NULL,NULL,'2009-09-04 08:32:15'),(381,0,'AA000',0,0,0,0,0,0,NULL,0,0,0,0,'0',NULL,NULL,NULL,'2009-09-04 08:32:15'),(382,0,'AA000',0,0,0,0,0,0,NULL,0,0,0,0,'0',NULL,NULL,NULL,'2009-09-04 08:32:15'),(383,0,'AA000',0,0,0,0,0,0,NULL,0,0,0,0,'0',NULL,NULL,NULL,'2009-09-04 08:32:15'),(384,0,'AA000',0,0,0,0,0,0,NULL,0,0,0,0,'0',NULL,NULL,NULL,'2009-09-04 08:32:15'),(385,0,'AA000',0,0,0,0,0,0,NULL,0,0,0,0,'0',NULL,NULL,NULL,'2009-09-04 08:32:15'),(386,0,'AA000',0,0,0,0,0,0,NULL,0,0,0,0,'0',NULL,NULL,NULL,'2009-09-04 08:32:15'),(387,0,'AA000',0,0,0,0,0,0,NULL,0,0,0,0,'0',NULL,NULL,NULL,'2009-09-04 08:32:15'),(388,0,'AA000',0,0,0,0,0,0,NULL,0,0,0,0,'0',NULL,NULL,NULL,'2009-09-04 08:32:15'),(389,0,'AA000',0,0,0,0,0,0,NULL,0,0,0,0,'0',NULL,NULL,NULL,'2009-09-04 08:32:15'),(390,0,'AA000',0,0,0,0,0,0,NULL,0,0,0,0,'0',NULL,NULL,NULL,'2009-09-04 08:32:15'),(391,0,'AA000',0,0,0,0,0,0,NULL,0,0,0,0,'0',NULL,NULL,NULL,'2009-09-04 08:32:15'),(392,0,'AA000',0,0,0,0,0,0,NULL,0,0,0,0,'0',NULL,NULL,NULL,'2009-09-04 08:32:15'),(393,0,'AA000',0,0,0,0,0,0,NULL,0,0,0,0,'0',NULL,NULL,NULL,'2009-09-04 08:32:15'),(394,0,'AA000',0,0,0,0,0,0,NULL,0,0,0,0,'0',NULL,NULL,NULL,'2009-09-04 08:32:16'),(395,0,'AA000',0,0,0,0,0,0,NULL,0,0,0,0,'0',NULL,NULL,NULL,'2009-09-04 08:32:16'),(396,0,'AA000',0,0,0,0,0,0,NULL,0,0,0,0,'0',NULL,NULL,NULL,'2009-09-04 08:32:16'),(397,0,'AA000',0,0,0,0,0,0,NULL,0,0,0,0,'0',NULL,NULL,NULL,'2009-09-04 08:32:16'),(398,0,'AA000',0,0,0,0,0,0,NULL,0,0,0,0,'0',NULL,NULL,NULL,'2009-09-04 08:32:16'),(399,0,'AA000',0,0,0,0,0,0,NULL,0,0,0,0,'0',NULL,NULL,NULL,'2009-09-04 08:32:16'),(400,0,'AA000',0,0,0,0,0,0,NULL,0,0,0,0,'0',NULL,NULL,NULL,'2009-09-04 08:32:16');
/*!40000 ALTER TABLE `track_776` ENABLE KEYS */;
UNLOCK TABLES;

--
-- Table structure for table `trackidentificationtypes`
--

DROP TABLE IF EXISTS `trackidentificationtypes`;
/*!40101 SET @saved_cs_client     = @@character_set_client */;
/*!50503 SET character_set_client = utf8mb4 */;
CREATE TABLE `trackidentificationtypes` (
  `ID` int unsigned NOT NULL AUTO_INCREMENT,
  `FK_ID_Brigade` int unsigned NOT NULL,
  `Type` varchar(2) NOT NULL,
  `Icon` varchar(45) NOT NULL DEFAULT 'Empty.ico',
  PRIMARY KEY (`ID`),
  KEY `FK_Brigade_idx` (`FK_ID_Brigade`),
  CONSTRAINT `FK_Brigade` FOREIGN KEY (`FK_ID_Brigade`) REFERENCES `brigade` (`ID_Brigade`)
) ENGINE=InnoDB AUTO_INCREMENT=102 DEFAULT CHARSET=latin1;
/*!40101 SET character_set_client = @saved_cs_client */;

--
-- Dumping data for table `trackidentificationtypes`
--

LOCK TABLES `trackidentificationtypes` WRITE;
/*!40000 ALTER TABLE `trackidentificationtypes` DISABLE KEYS */;
INSERT INTO `trackidentificationtypes` VALUES (1,1,'H','Red_airplane.png'),(2,1,'F','Blue_airplane.png'),(3,1,'S','Red_airplane.png'),(4,1,'P','Yalow_airplane.png'),(5,1,'F','Red_airplane.png'),(6,1,'F','Red_airplane.png');
/*!40000 ALTER TABLE `trackidentificationtypes` ENABLE KEYS */;
UNLOCK TABLES;
/*!40103 SET TIME_ZONE=@OLD_TIME_ZONE */;

/*!40101 SET SQL_MODE=@OLD_SQL_MODE */;
/*!40014 SET FOREIGN_KEY_CHECKS=@OLD_FOREIGN_KEY_CHECKS */;
/*!40014 SET UNIQUE_CHECKS=@OLD_UNIQUE_CHECKS */;
/*!40101 SET CHARACTER_SET_CLIENT=@OLD_CHARACTER_SET_CLIENT */;
/*!40101 SET CHARACTER_SET_RESULTS=@OLD_CHARACTER_SET_RESULTS */;
/*!40101 SET COLLATION_CONNECTION=@OLD_COLLATION_CONNECTION */;
/*!40111 SET SQL_NOTES=@OLD_SQL_NOTES */;

-- Dump completed on 2021-02-16 13:12:00
